Date,Entity,TxnType,DocNum,Name,Memo,Account,AccountName,Debit,Credit,Source
2025-01-02,Verve Supply Co.,Payment,PMT-9004,Wholesale Customers,Wholesale AR collections,090,Mercury Business Checking,122619.15,0.0,
2025-01-02,Verve Supply Co.,Payment,PMT-9004,Wholesale Customers,Wholesale AR collections,110,Accounts Receivable,0.0,122619.15,
2025-01-03,Verve Supply Co.,Sales,SO-9003,Wholesale,Monthly sales summary,110,Accounts Receivable,147981.9,0.0,
2025-01-03,Verve Supply Co.,Sales,SO-9003,Wholesale,Monthly sales summary,402,Sales - Wholesale,0.0,147981.9,
2025-01-05,Verve Supply Co.,Transfer,SWEEP-9004,Shopify Payouts,Payout swept to bank,091,Stripe/Shopify Payments Clearing,0.0,159750.65,
2025-01-05,Verve Supply Co.,Transfer,SWEEP-9004,Shopify Payouts,Payout swept to bank,090,Mercury Business Checking,159750.65,0.0,
2025-01-06,Verve Supply Co.,Bill,BILL-9063,Bright Packaging Co,,500,Cost of Goods Sold,3859.8,0.0,
2025-01-06,Verve Supply Co.,Bill,BILL-9063,Bright Packaging Co,,200,Accounts Payable,0.0,3859.8,
2025-01-08,Verve Supply Co.,Bill,BILL-9062,Pacific Fulfillment LLC,,510,Freight & Shipping (COGS),12392.68,0.0,
2025-01-08,Verve Supply Co.,Bill,BILL-9062,Pacific Fulfillment LLC,,200,Accounts Payable,0.0,12392.68,
2025-01-10,Verve Supply Co.,Bill,BILL-9061,UPS,,200,Accounts Payable,0.0,528.53,
2025-01-10,Verve Supply Co.,Bill,BILL-9061,UPS,,510,Freight & Shipping (COGS),528.53,0.0,
2025-01-15,Verve Supply Co.,Sales,SO-9002,Amazon,Monthly sales summary,091,Stripe/Shopify Payments Clearing,54704.35,0.0,
2025-01-15,Verve Supply Co.,Sales,SO-9002,Amazon,Monthly sales summary,401,Sales - Amazon,0.0,54704.35,
2025-01-16,Verve Supply Co.,Sales,SO-9001,Shopify,Monthly sales summary,091,Stripe/Shopify Payments Clearing,110157.0,0.0,
2025-01-16,Verve Supply Co.,Sales,SO-9001,Shopify,Monthly sales summary,400,Sales - Online (Shopify),0.0,110157.0,
2025-01-20,Verve Supply Co.,Journal,PR-9049,Gusto Payroll,Marketing & CS payroll,601,Payroll - Marketing & CS,34983.36,0.0,
2025-01-20,Verve Supply Co.,Bill,BILL-9068,ShipBob,,200,Accounts Payable,0.0,2076.91,
2025-01-20,Verve Supply Co.,Bill,BILL-9067,UPS,,510,Freight & Shipping (COGS),1688.33,0.0,
2025-01-20,Verve Supply Co.,Journal,PR-9049,Gusto Payroll,Payroll taxes,610,Payroll Taxes & Benefits,23646.02,0.0,
2025-01-20,Verve Supply Co.,Journal,PR-9049,Gusto Payroll,G&A payroll,602,Payroll - G&A,38900.0,0.0,
2025-01-20,Verve Supply Co.,Journal,PR-9049,Gusto Payroll,Warehouse & Ops payroll,600,Payroll - Warehouse & Ops,37391.68,0.0,
2025-01-20,Verve Supply Co.,Journal,PR-9049,Gusto Payroll,Payroll clearing,090,Mercury Business Checking,0.0,134921.06,
2025-01-20,Verve Supply Co.,Bill,BILL-9067,UPS,,200,Accounts Payable,0.0,1688.33,
2025-01-20,Verve Supply Co.,Bill,BILL-9068,ShipBob,,510,Freight & Shipping (COGS),2076.91,0.0,
2025-01-24,Verve Supply Co.,Bill,BILL-9065,Meta Platforms,,200,Accounts Payable,0.0,6258.62,
2025-01-24,Verve Supply Co.,Bill,BILL-9065,Meta Platforms,,650,Advertising - Paid Social,6258.62,0.0,
2025-01-25,Verve Supply Co.,Bill,BILL-9066,USPS,,200,Accounts Payable,0.0,2566.15,
2025-01-25,Verve Supply Co.,Bill,BILL-9066,USPS,,510,Freight & Shipping (COGS),2566.15,0.0,
2025-01-26,Verve Supply Co.,Journal,FEE-9004,Shopify/Stripe,Processing fees,091,Stripe/Shopify Payments Clearing,0.0,9698.14,
2025-01-26,Verve Supply Co.,Journal,COGS-9004,,Est. COGS @ 34% of rev (rule of thumb),120,Inventory Asset,0.0,106366.71,
2025-01-26,Verve Supply Co.,Journal,FEE-9004,Shopify/Stripe,Processing fees,520,Merchant Processing Fees (COGS),9698.14,0.0,
2025-01-26,Verve Supply Co.,Journal,COGS-9004,,Est. COGS @ 34% of rev (rule of thumb),500,Cost of Goods Sold,106366.71,0.0,
2025-01-27,Verve Supply Co.,Journal,DEP-0,,Monthly depreciation,165,Accumulated Depreciation,0.0,1439.8,
2025-01-27,Verve Supply Co.,Journal,DEP-0,,Monthly depreciation,800,Depreciation,1439.8,0.0,
2025-01-29,Verve Supply Co.,Journal,JE-MANUAL-0-0,Jenna Ruiz,TO ADJUST,750,Miscellaneous Expense,0.0,10057.25,"Manual, no attachment"
2025-01-29,Verve Supply Co.,Bill,BILL-9064,"Pacific Fulfillment, LLC",,510,Freight & Shipping (COGS),7005.69,0.0,
2025-01-29,Verve Supply Co.,Bill,BILL-9064,"Pacific Fulfillment, LLC",,200,Accounts Payable,0.0,7005.69,
2025-01-29,Verve Supply Co.,Journal,JE-MANUAL-0-0,Jenna Ruiz,TO ADJUST,140,Prepaid Expenses,10057.25,0.0,"Manual, no attachment"
2025-02-01,Verve Supply Co.,Bill,BILL-9071,Uline,,200,Accounts Payable,0.0,573.27,
2025-02-01,Verve Supply Co.,Bill,BILL-9071,Uline,,680,Office Supplies,573.27,0.0,
2025-02-02,Verve Supply Co.,Bill,BILL-9080,Bright Packaging,,500,Cost of Goods Sold,4745.36,0.0,
2025-02-02,Verve Supply Co.,Bill,BILL-9080,Bright Packaging,,200,Accounts Payable,0.0,4745.36,
2025-02-02,Verve Supply Co.,Sales,SO-9006,Amazon,Monthly sales summary,091,Stripe/Shopify Payments Clearing,58306.2,0.0,
2025-02-02,Verve Supply Co.,Sales,SO-9006,Amazon,Monthly sales summary,401,Sales - Amazon,0.0,58306.2,
2025-02-03,Verve Supply Co.,Sales,SO-9007,Wholesale,Monthly sales summary,402,Sales - Wholesale,0.0,146193.3,
2025-02-03,Verve Supply Co.,Sales,SO-9007,Wholesale,Monthly sales summary,110,Accounts Receivable,146193.3,0.0,
2025-02-06,Verve Supply Co.,Payment,PMT-9008,Wholesale Customers,Wholesale AR collections,090,Mercury Business Checking,125102.2,0.0,
2025-02-06,Verve Supply Co.,Payment,PMT-9008,Wholesale Customers,Wholesale AR collections,110,Accounts Receivable,0.0,125102.2,
2025-02-07,Verve Supply Co.,Bill,BILL-9073,Foundry Ad Agency,,200,Accounts Payable,0.0,7366.07,
2025-02-07,Verve Supply Co.,Bill,BILL-9073,Foundry Ad Agency,,660,Software & Subscriptions,7366.07,0.0,
2025-02-09,Verve Supply Co.,Journal,COGS-9008,,Est. COGS @ 34% of rev (rule of thumb),500,Cost of Goods Sold,111555.29,0.0,
2025-02-09,Verve Supply Co.,Journal,COGS-9008,,Est. COGS @ 34% of rev (rule of thumb),120,Inventory Asset,0.0,111555.29,
2025-02-09,Verve Supply Co.,Journal,FEE-9008,Shopify/Stripe,Processing fees,520,Merchant Processing Fees (COGS),10171.22,0.0,
2025-02-09,Verve Supply Co.,Journal,FEE-9008,Shopify/Stripe,Processing fees,091,Stripe/Shopify Payments Clearing,0.0,10171.22,
2025-02-10,Verve Supply Co.,Bill,BILL-9072,BRIGHT PACKAGING CO.,,200,Accounts Payable,0.0,2196.3,
2025-02-10,Verve Supply Co.,Bill,BILL-9072,BRIGHT PACKAGING CO.,,500,Cost of Goods Sold,2196.3,0.0,
2025-02-12,Verve Supply Co.,Bill,BILL-9070,Pacific Fulfillment LLC,,200,Accounts Payable,0.0,11343.11,
2025-02-12,Verve Supply Co.,Bill,BILL-9070,Pacific Fulfillment LLC,,510,Freight & Shipping (COGS),11343.11,0.0,
2025-02-14,Verve Supply Co.,Bill,BILL-9077,Bright Packaging,,500,Cost of Goods Sold,3887.21,0.0,
2025-02-14,Verve Supply Co.,Bill,BILL-9077,Bright Packaging,,200,Accounts Payable,0.0,3887.21,
2025-02-15,Verve Supply Co.,Bill,BILL-9081,Pacific Fulfillment,,510,Freight & Shipping (COGS),5826.38,0.0,
2025-02-15,Verve Supply Co.,Bill,BILL-9079,Grainger,,200,Accounts Payable,0.0,400.39,
2025-02-15,Verve Supply Co.,Bill,BILL-9079,Grainger,,750,Miscellaneous Expense,400.39,0.0,
2025-02-15,Verve Supply Co.,Bill,BILL-9081,Pacific Fulfillment,,200,Accounts Payable,0.0,5826.38,
2025-02-16,Verve Supply Co.,Sales,SO-9005,Shopify,Monthly sales summary,091,Stripe/Shopify Payments Clearing,123604.3,0.0,
2025-02-16,Verve Supply Co.,Bill,BILL-9075,Uline,,200,Accounts Payable,0.0,699.68,
2025-02-16,Verve Supply Co.,Bill,BILL-9075,Uline,,750,Miscellaneous Expense,699.68,0.0,
2025-02-16,Verve Supply Co.,Sales,SO-9005,Shopify,Monthly sales summary,400,Sales - Online (Shopify),0.0,123604.3,
2025-02-18,Verve Supply Co.,Bill,BILL-9074,Pacific Fulfillment,,200,Accounts Payable,0.0,9072.55,
2025-02-18,Verve Supply Co.,Bill,BILL-9074,Pacific Fulfillment,,510,Freight & Shipping (COGS),9072.55,0.0,
2025-02-20,Verve Supply Co.,Journal,PR-9050,Gusto Payroll,Marketing & CS payroll,601,Payroll - Marketing & CS,34983.36,0.0,
2025-02-20,Verve Supply Co.,Journal,PR-9050,Gusto Payroll,G&A payroll,602,Payroll - G&A,49883.34,0.0,
2025-02-20,Verve Supply Co.,Transfer,SWEEP-9008,Shopify Payouts,Payout swept to bank,091,Stripe/Shopify Payments Clearing,0.0,176271.27,
2025-02-20,Verve Supply Co.,Journal,PR-9050,Gusto Payroll,Warehouse & Ops payroll,600,Payroll - Warehouse & Ops,40625.02,0.0,
2025-02-20,Verve Supply Co.,Transfer,SWEEP-9008,Shopify Payouts,Payout swept to bank,090,Mercury Business Checking,176271.27,0.0,
2025-02-20,Verve Supply Co.,Journal,PR-9050,Gusto Payroll,Payroll clearing,090,Mercury Business Checking,0.0,152158.8,
2025-02-20,Verve Supply Co.,Journal,PR-9050,Gusto Payroll,Payroll taxes,610,Payroll Taxes & Benefits,26667.08,0.0,
2025-02-22,Verve Supply Co.,Bill,BILL-9076,Uline,,200,Accounts Payable,0.0,823.41,
2025-02-22,Verve Supply Co.,Bill,BILL-9076,Uline,,750,Miscellaneous Expense,823.41,0.0,
2025-02-24,Verve Supply Co.,Bill,BILL-9078,Acme Corp,,500,Cost of Goods Sold,6990.31,0.0,
2025-02-24,Verve Supply Co.,Journal,JE-MANUAL-1-2,Priya Natarajan,per Sarah,120,Inventory Asset,0.0,1127.19,"Manual, no attachment"
2025-02-24,Verve Supply Co.,Journal,JE-MANUAL-1-2,Priya Natarajan,per Sarah,140,Prepaid Expenses,1127.19,0.0,"Manual, no attachment"
2025-02-24,Verve Supply Co.,Bill,BILL-9078,Acme Corp,,200,Accounts Payable,0.0,6990.31,
2025-02-25,Verve Supply Co.,Journal,JE-MANUAL-1-4,Priya Natarajan,adj per bank rec,120,Inventory Asset,0.0,7086.23,"Manual, no attachment"
2025-02-25,Verve Supply Co.,Journal,JE-MANUAL-1-4,Priya Natarajan,adj per bank rec,120,Inventory Asset,7086.23,0.0,"Manual, no attachment"
2025-02-27,Verve Supply Co.,Journal,DEP-1,,Monthly depreciation,165,Accumulated Depreciation,0.0,1385.32,
2025-02-27,Verve Supply Co.,Journal,DEP-1,,Monthly depreciation,800,Depreciation,1385.32,0.0,
2025-02-28,Verve Supply Co.,Bill,BILL-9069,Pacific Fulfillment LLC,,510,Freight & Shipping (COGS),9706.63,0.0,
2025-02-28,Verve Supply Co.,Bill,BILL-9069,Pacific Fulfillment LLC,,200,Accounts Payable,0.0,9706.63,
2025-03-01,Verve Supply Co.,Journal,JE-MANUAL-2-10,Priya Natarajan,balance plug,110,Accounts Receivable,0.0,4105.19,"Manual, no attachment"
2025-03-01,Verve Supply Co.,Journal,JE-MANUAL-2-10,Priya Natarajan,balance plug,140,Prepaid Expenses,4105.19,0.0,"Manual, no attachment"
2025-03-01,Verve Supply Co.,Bill,BILL-9083,Meta Platforms,,660,Software & Subscriptions,6749.59,0.0,
2025-03-01,Verve Supply Co.,Bill,BILL-9083,Meta Platforms,,200,Accounts Payable,0.0,6749.59,
2025-03-02,Verve Supply Co.,Transfer,SWEEP-9012,Shopify Payouts,Payout swept to bank,091,Stripe/Shopify Payments Clearing,0.0,175120.1,
2025-03-02,Verve Supply Co.,Bill,BILL-9088,UPS,,510,Freight & Shipping (COGS),2522.09,0.0,
2025-03-02,Verve Supply Co.,Transfer,SWEEP-9012,Shopify Payouts,Payout swept to bank,090,Mercury Business Checking,175120.1,0.0,
2025-03-02,Verve Supply Co.,Bill,BILL-9088,UPS,,200,Accounts Payable,0.0,2522.09,
2025-03-07,Verve Supply Co.,Bill,BILL-9089,Meta Ads,,200,Accounts Payable,0.0,3592.66,
2025-03-07,Verve Supply Co.,Bill,BILL-9089,Meta Ads,,651,Advertising - Paid Search,3592.66,0.0,
2025-03-08,Verve Supply Co.,Sales,SO-9011,Wholesale,Monthly sales summary,402,Sales - Wholesale,0.0,159885.0,
2025-03-08,Verve Supply Co.,Sales,SO-9011,Wholesale,Monthly sales summary,110,Accounts Receivable,159885.0,0.0,
2025-03-09,Verve Supply Co.,Bill,BILL-9082,BRIGHT PACKAGING CO.,,500,Cost of Goods Sold,4885.35,0.0,
2025-03-09,Verve Supply Co.,Payment,PMT-9012,Wholesale Customers,Wholesale AR collections,110,Accounts Receivable,0.0,146892.24,
2025-03-09,Verve Supply Co.,Bill,BILL-9082,BRIGHT PACKAGING CO.,,200,Accounts Payable,0.0,4885.35,
2025-03-09,Verve Supply Co.,Payment,PMT-9012,Wholesale Customers,Wholesale AR collections,090,Mercury Business Checking,146892.24,0.0,
2025-03-12,Verve Supply Co.,Sales,SO-9009,Shopify,Monthly sales summary,091,Stripe/Shopify Payments Clearing,125375.95,0.0,
2025-03-12,Verve Supply Co.,Sales,SO-9009,Shopify,Monthly sales summary,400,Sales - Online (Shopify),0.0,125375.95,
2025-03-13,Verve Supply Co.,Journal,JE-MANUAL-2-8,Priya Natarajan,temp - revisit,750,Miscellaneous Expense,0.0,8617.41,"Manual, no attachment"
2025-03-13,Verve Supply Co.,Journal,JE-MANUAL-2-8,Priya Natarajan,temp - revisit,750,Miscellaneous Expense,8617.41,0.0,"Manual, no attachment"
2025-03-15,Verve Supply Co.,Bill,BILL-9086,BRIGHT PACKAGING CO.,,500,Cost of Goods Sold,4148.22,0.0,
2025-03-15,Verve Supply Co.,Bill,BILL-9086,BRIGHT PACKAGING CO.,,200,Accounts Payable,0.0,4148.22,
2025-03-16,Verve Supply Co.,Bill,BILL-9084,Grainger,,680,Office Supplies,274.85,0.0,
2025-03-16,Verve Supply Co.,Bill,BILL-9084,Grainger,,200,Accounts Payable,0.0,274.85,
2025-03-17,Verve Supply Co.,Bill,BILL-9087,Pacific Fulfillment LLC,,510,Freight & Shipping (COGS),4872.3,0.0,
2025-03-17,Verve Supply Co.,Bill,BILL-9087,Pacific Fulfillment LLC,,200,Accounts Payable,0.0,4872.3,
2025-03-19,Verve Supply Co.,Bill,BILL-9085,Uline,,200,Accounts Payable,0.0,1155.74,
2025-03-19,Verve Supply Co.,Bill,BILL-9085,Uline,,680,Office Supplies,1155.74,0.0,
2025-03-19,Verve Supply Co.,Journal,JE-MANUAL-2-6,Priya Natarajan,correcting entry - see email,750,Miscellaneous Expense,0.0,10319.76,"Manual, no attachment"
2025-03-19,Verve Supply Co.,Journal,JE-MANUAL-2-6,Priya Natarajan,correcting entry - see email,140,Prepaid Expenses,10319.76,0.0,"Manual, no attachment"
2025-03-20,Verve Supply Co.,Journal,PR-9051,Gusto Payroll,Marketing & CS payroll,601,Payroll - Marketing & CS,34983.36,0.0,
2025-03-20,Verve Supply Co.,Journal,PR-9051,Gusto Payroll,G&A payroll,602,Payroll - G&A,49883.34,0.0,
2025-03-20,Verve Supply Co.,Journal,PR-9051,Gusto Payroll,Payroll taxes,610,Payroll Taxes & Benefits,26667.08,0.0,
2025-03-20,Verve Supply Co.,Journal,PR-9051,Gusto Payroll,Payroll clearing,090,Mercury Business Checking,0.0,152158.8,
2025-03-20,Verve Supply Co.,Journal,PR-9051,Gusto Payroll,Warehouse & Ops payroll,600,Payroll - Warehouse & Ops,40625.02,0.0,
2025-03-22,Verve Supply Co.,Journal,FEE-9012,Shopify/Stripe,Processing fees,520,Merchant Processing Fees (COGS),10558.83,0.0,
2025-03-22,Verve Supply Co.,Journal,COGS-9012,,Est. COGS @ 34% of rev (rule of thumb),120,Inventory Asset,0.0,115806.55,
2025-03-22,Verve Supply Co.,Journal,COGS-9012,,Est. COGS @ 34% of rev (rule of thumb),500,Cost of Goods Sold,115806.55,0.0,
2025-03-22,Verve Supply Co.,Journal,FEE-9012,Shopify/Stripe,Processing fees,091,Stripe/Shopify Payments Clearing,0.0,10558.83,
2025-03-25,Verve Supply Co.,Journal,IC-3,Northbridge Collective,Intercompany interest,250,Due to Northbridge Collective (Intercompany),0.0,4399.37,
2025-03-25,Verve Supply Co.,Sales,SO-9010,Amazon,Monthly sales summary,401,Sales - Amazon,0.0,55346.55,
2025-03-25,Verve Supply Co.,Journal,IC-3,Northbridge Collective,Intercompany interest,900,Interest Expense,4399.37,0.0,
2025-03-25,Verve Supply Co.,Sales,SO-9010,Amazon,Monthly sales summary,091,Stripe/Shopify Payments Clearing,55346.55,0.0,
2025-03-27,Verve Supply Co.,Journal,DEP-2,,Monthly depreciation,800,Depreciation,1391.84,0.0,
2025-03-27,Verve Supply Co.,Journal,DEP-2,,Monthly depreciation,165,Accumulated Depreciation,0.0,1391.84,
2025-04-02,Verve Supply Co.,Bill,BILL-9090,UPS,,510,Freight & Shipping (COGS),944.64,0.0,
2025-04-02,Verve Supply Co.,Bill,BILL-9090,UPS,,200,Accounts Payable,0.0,944.64,
2025-04-04,Verve Supply Co.,Bill,BILL-9094,UPS,,200,Accounts Payable,0.0,1808.26,
2025-04-04,Verve Supply Co.,Bill,BILL-9094,UPS,,510,Freight & Shipping (COGS),1808.26,0.0,
2025-04-07,Verve Supply Co.,Journal,JE-MANUAL-3-12,Jenna Ruiz,clean up,750,Miscellaneous Expense,0.0,10180.16,"Manual, no attachment"
2025-04-07,Verve Supply Co.,Journal,JE-MANUAL-3-12,Jenna Ruiz,clean up,140,Prepaid Expenses,10180.16,0.0,"Manual, no attachment"
2025-04-10,Verve Supply Co.,Transfer,SWEEP-9016,Shopify Payouts,Payout swept to bank,091,Stripe/Shopify Payments Clearing,0.0,192987.54,
2025-04-10,Verve Supply Co.,Transfer,SWEEP-9016,Shopify Payouts,Payout swept to bank,090,Mercury Business Checking,192987.54,0.0,
2025-04-11,Verve Supply Co.,Journal,COGS-9016,,Est. COGS @ 34% of rev (rule of thumb),120,Inventory Asset,0.0,115053.23,
2025-04-11,Verve Supply Co.,Journal,FEE-9016,Shopify/Stripe,Processing fees,520,Merchant Processing Fees (COGS),10490.15,0.0,
2025-04-11,Verve Supply Co.,Journal,FEE-9016,Shopify/Stripe,Processing fees,091,Stripe/Shopify Payments Clearing,0.0,10490.15,
2025-04-11,Verve Supply Co.,Journal,COGS-9016,,Est. COGS @ 34% of rev (rule of thumb),500,Cost of Goods Sold,115053.23,0.0,
2025-04-14,Verve Supply Co.,Bill,BILL-9093,Bright Packaging Co,,500,Cost of Goods Sold,4489.19,0.0,
2025-04-14,Verve Supply Co.,Bill,BILL-9093,Bright Packaging Co,,200,Accounts Payable,0.0,4489.19,
2025-04-20,Verve Supply Co.,Journal,PR-9052,Gusto Payroll,Warehouse & Ops payroll,600,Payroll - Warehouse & Ops,45050.02,0.0,
2025-04-20,Verve Supply Co.,Sales,SO-9014,Amazon,Monthly sales summary,091,Stripe/Shopify Payments Clearing,62846.8,0.0,
2025-04-20,Verve Supply Co.,Journal,PR-9052,Gusto Payroll,Marketing & CS payroll,601,Payroll - Marketing & CS,49466.7,0.0,
2025-04-20,Verve Supply Co.,Journal,PR-9052,Gusto Payroll,Payroll clearing,090,Mercury Business Checking,0.0,175085.18,
2025-04-20,Verve Supply Co.,Journal,PR-9052,Gusto Payroll,Payroll taxes,610,Payroll Taxes & Benefits,30685.12,0.0,
2025-04-20,Verve Supply Co.,Sales,SO-9014,Amazon,Monthly sales summary,401,Sales - Amazon,0.0,62846.8,
2025-04-20,Verve Supply Co.,Journal,PR-9052,Gusto Payroll,G&A payroll,602,Payroll - G&A,49883.34,0.0,
2025-04-22,Verve Supply Co.,Sales,SO-9013,Shopify,Monthly sales summary,091,Stripe/Shopify Payments Clearing,136314.75,0.0,
2025-04-22,Verve Supply Co.,Sales,SO-9013,Shopify,Monthly sales summary,400,Sales - Online (Shopify),0.0,136314.75,
2025-04-23,Verve Supply Co.,Bill,BILL-9095,Pacific Fulfillment LLC,,510,Freight & Shipping (COGS),7747.48,0.0,
2025-04-23,Verve Supply Co.,Bill,BILL-9095,Pacific Fulfillment LLC,,200,Accounts Payable,0.0,7747.48,
2025-04-25,Verve Supply Co.,Bill,BILL-9091,Bright Packaging,,500,Cost of Goods Sold,2903.73,0.0,
2025-04-25,Verve Supply Co.,Bill,BILL-9091,Bright Packaging,,200,Accounts Payable,0.0,2903.73,
2025-04-27,Verve Supply Co.,Journal,DEP-3,,Monthly depreciation,800,Depreciation,1443.53,0.0,
2025-04-27,Verve Supply Co.,Journal,DEP-3,,Monthly depreciation,165,Accumulated Depreciation,0.0,1443.53,
2025-04-27,Verve Supply Co.,Sales,SO-9015,Wholesale,Monthly sales summary,110,Accounts Receivable,139230.3,0.0,
2025-04-27,Verve Supply Co.,Sales,SO-9015,Wholesale,Monthly sales summary,402,Sales - Wholesale,0.0,139230.3,
2025-04-28,Verve Supply Co.,Payment,PMT-9016,Wholesale Customers,Wholesale AR collections,090,Mercury Business Checking,112982.62,0.0,
2025-04-28,Verve Supply Co.,Payment,PMT-9016,Wholesale Customers,Wholesale AR collections,110,Accounts Receivable,0.0,112982.62,
2025-04-28,Verve Supply Co.,Journal,JE-MANUAL-3-14,Jenna Ruiz,rounding,140,Prepaid Expenses,5666.59,0.0,"Manual, no attachment"
2025-04-28,Verve Supply Co.,Journal,JE-MANUAL-3-14,Jenna Ruiz,rounding,390,Retained Earnings,0.0,5666.59,"Manual, no attachment"
2025-04-29,Verve Supply Co.,Bill,BILL-9097,Foundry Ad Agency,,200,Accounts Payable,0.0,2271.32,
2025-04-29,Verve Supply Co.,Bill,BILL-9097,Foundry Ad Agency,,651,Advertising - Paid Search,2271.32,0.0,
2025-04-30,Verve Supply Co.,Bill,BILL-9092,USPS,,510,Freight & Shipping (COGS),3077.39,0.0,
2025-04-30,Verve Supply Co.,Bill,BILL-9092,USPS,,200,Accounts Payable,0.0,3077.39,
2025-04-30,Verve Supply Co.,Bill,BILL-9096,Bright Packaging Co,,500,Cost of Goods Sold,2346.0,0.0,
2025-04-30,Verve Supply Co.,Bill,BILL-9096,Bright Packaging Co,,200,Accounts Payable,0.0,2346.0,
2025-05-01,Verve Supply Co.,Transfer,SWEEP-9020,Shopify Payouts,Payout swept to bank,091,Stripe/Shopify Payments Clearing,0.0,192515.69,
2025-05-01,Verve Supply Co.,Transfer,SWEEP-9020,Shopify Payouts,Payout swept to bank,090,Mercury Business Checking,192515.69,0.0,
2025-05-03,Verve Supply Co.,Bill,BILL-9103,Meta Ads,,200,Accounts Payable,0.0,7374.33,
2025-05-03,Verve Supply Co.,Bill,BILL-9103,Meta Ads,,650,Advertising - Paid Social,7374.33,0.0,
2025-05-05,Verve Supply Co.,Sales,SO-9019,Wholesale,Monthly sales summary,402,Sales - Wholesale,0.0,164815.2,
2025-05-05,Verve Supply Co.,Sales,SO-9019,Wholesale,Monthly sales summary,110,Accounts Receivable,164815.2,0.0,
2025-05-06,Verve Supply Co.,Bill,BILL-9098,Acme Corporation,,500,Cost of Goods Sold,14616.18,0.0,
2025-05-06,Verve Supply Co.,Bill,BILL-9098,Acme Corporation,,200,Accounts Payable,0.0,14616.18,
2025-05-09,Verve Supply Co.,Sales,SO-9017,Shopify,Monthly sales summary,091,Stripe/Shopify Payments Clearing,131200.95,0.0,
2025-05-09,Verve Supply Co.,Bill,BILL-9102,UPS,,510,Freight & Shipping (COGS),2318.86,0.0,
2025-05-09,Verve Supply Co.,Sales,SO-9017,Shopify,Monthly sales summary,400,Sales - Online (Shopify),0.0,131200.95,
2025-05-09,Verve Supply Co.,Bill,BILL-9109,Pacific Fulfillment,,200,Accounts Payable,0.0,6277.08,
2025-05-09,Verve Supply Co.,Bill,BILL-9102,UPS,,200,Accounts Payable,0.0,2318.86,
2025-05-09,Verve Supply Co.,Bill,BILL-9109,Pacific Fulfillment,,510,Freight & Shipping (COGS),6277.08,0.0,
2025-05-10,Verve Supply Co.,Bill,BILL-9101,Acme Corp,,500,Cost of Goods Sold,22505.13,0.0,
2025-05-10,Verve Supply Co.,Bill,BILL-9101,Acme Corp,,200,Accounts Payable,0.0,22505.13,
2025-05-10,Verve Supply Co.,Bill,BILL-9107,FedEx,,510,Freight & Shipping (COGS),2487.76,0.0,
2025-05-10,Verve Supply Co.,Bill,BILL-9100,Grainger,,200,Accounts Payable,0.0,1195.55,
2025-05-10,Verve Supply Co.,Sales,SO-9018,Amazon,Monthly sales summary,091,Stripe/Shopify Payments Clearing,67473.65,0.0,
2025-05-10,Verve Supply Co.,Sales,SO-9018,Amazon,Monthly sales summary,401,Sales - Amazon,0.0,67473.65,
2025-05-10,Verve Supply Co.,Bill,BILL-9107,FedEx,,200,Accounts Payable,0.0,2487.76,
2025-05-10,Verve Supply Co.,Bill,BILL-9100,Grainger,,750,Miscellaneous Expense,1195.55,0.0,
2025-05-12,Verve Supply Co.,Bill,BILL-9105,Google Ads,,200,Accounts Payable,0.0,5305.51,
2025-05-12,Verve Supply Co.,Bill,BILL-9105,Google Ads,,651,Advertising - Paid Search,5305.51,0.0,
2025-05-14,Verve Supply Co.,Bill,BILL-9106,FedEx,,510,Freight & Shipping (COGS),1489.96,0.0,
2025-05-14,Verve Supply Co.,Bill,BILL-9106,FedEx,,200,Accounts Payable,0.0,1489.96,
2025-05-16,Verve Supply Co.,Journal,JE-MANUAL-4-16,Priya Natarajan,per auditor request (2024),120,Inventory Asset,0.0,6601.99,"Manual, no attachment"
2025-05-16,Verve Supply Co.,Journal,JE-MANUAL-4-16,Priya Natarajan,per auditor request (2024),140,Prepaid Expenses,6601.99,0.0,"Manual, no attachment"
2025-05-18,Verve Supply Co.,Bill,BILL-9099,Bright Packaging,,500,Cost of Goods Sold,4688.3,0.0,
2025-05-18,Verve Supply Co.,Bill,BILL-9099,Bright Packaging,,200,Accounts Payable,0.0,4688.3,
2025-05-20,Verve Supply Co.,Bill,BILL-9104,Bright Packaging,,200,Accounts Payable,0.0,4560.41,
2025-05-20,Verve Supply Co.,Journal,PR-9053,Gusto Payroll,Warehouse & Ops payroll,600,Payroll - Warehouse & Ops,45050.02,0.0,
2025-05-20,Verve Supply Co.,Journal,PR-9053,Gusto Payroll,Payroll taxes,610,Payroll Taxes & Benefits,30685.12,0.0,
2025-05-20,Verve Supply Co.,Bill,BILL-9108,Pacific Fulfillment LLC,,200,Accounts Payable,0.0,11054.81,
2025-05-20,Verve Supply Co.,Journal,PR-9053,Gusto Payroll,Payroll clearing,090,Mercury Business Checking,0.0,175085.18,
2025-05-20,Verve Supply Co.,Journal,PR-9053,Gusto Payroll,Marketing & CS payroll,601,Payroll - Marketing & CS,49466.7,0.0,
2025-05-20,Verve Supply Co.,Journal,PR-9053,Gusto Payroll,G&A payroll,602,Payroll - G&A,49883.34,0.0,
2025-05-20,Verve Supply Co.,Bill,BILL-9108,Pacific Fulfillment LLC,,510,Freight & Shipping (COGS),11054.81,0.0,
2025-05-20,Verve Supply Co.,Bill,BILL-9104,Bright Packaging,,500,Cost of Goods Sold,4560.41,0.0,
2025-05-24,Verve Supply Co.,Payment,PMT-9020,Wholesale Customers,Wholesale AR collections,090,Mercury Business Checking,125569.58,0.0,
2025-05-24,Verve Supply Co.,Payment,PMT-9020,Wholesale Customers,Wholesale AR collections,110,Accounts Receivable,0.0,125569.58,
2025-05-26,Verve Supply Co.,Bill,BILL-9110,"Pacific Fulfillment, LLC",,200,Accounts Payable,0.0,9582.12,
2025-05-26,Verve Supply Co.,Bill,BILL-9110,"Pacific Fulfillment, LLC",,510,Freight & Shipping (COGS),9582.12,0.0,
2025-05-27,Verve Supply Co.,Journal,COGS-9020,,Est. COGS @ 34% of rev (rule of thumb),500,Cost of Goods Sold,123586.53,0.0,
2025-05-27,Verve Supply Co.,Journal,DEP-4,,Monthly depreciation,165,Accumulated Depreciation,0.0,1346.74,
2025-05-27,Verve Supply Co.,Journal,COGS-9020,,Est. COGS @ 34% of rev (rule of thumb),120,Inventory Asset,0.0,123586.53,
2025-05-27,Verve Supply Co.,Journal,FEE-9020,Shopify/Stripe,Processing fees,520,Merchant Processing Fees (COGS),11268.18,0.0,
2025-05-27,Verve Supply Co.,Journal,FEE-9020,Shopify/Stripe,Processing fees,091,Stripe/Shopify Payments Clearing,0.0,11268.18,
2025-05-27,Verve Supply Co.,Journal,DEP-4,,Monthly depreciation,800,Depreciation,1346.74,0.0,
2025-06-01,Verve Supply Co.,Bill,BILL-9116,Meta Platforms,,200,Accounts Payable,0.0,9915.53,
2025-06-01,Verve Supply Co.,Journal,JE-MANUAL-5-18,Priya Natarajan,reverse prior entry,750,Miscellaneous Expense,7374.98,0.0,"Manual, no attachment"
2025-06-01,Verve Supply Co.,Journal,JE-MANUAL-5-18,Priya Natarajan,reverse prior entry,120,Inventory Asset,0.0,7374.98,"Manual, no attachment"
2025-06-01,Verve Supply Co.,Bill,BILL-9116,Meta Platforms,,651,Advertising - Paid Search,9915.53,0.0,
2025-06-02,Verve Supply Co.,Journal,COGS-9024,,Est. COGS @ 34% of rev (rule of thumb),120,Inventory Asset,0.0,139967.61,
2025-06-02,Verve Supply Co.,Journal,FEE-9024,Shopify/Stripe,Processing fees,520,Merchant Processing Fees (COGS),12761.75,0.0,
2025-06-02,Verve Supply Co.,Journal,COGS-9024,,Est. COGS @ 34% of rev (rule of thumb),500,Cost of Goods Sold,139967.61,0.0,
2025-06-02,Verve Supply Co.,Journal,FEE-9024,Shopify/Stripe,Processing fees,091,Stripe/Shopify Payments Clearing,0.0,12761.75,
2025-06-03,Verve Supply Co.,Bill,BILL-9117,Bright Packaging Co,,200,Accounts Payable,0.0,4610.36,
2025-06-03,Verve Supply Co.,Bill,BILL-9117,Bright Packaging Co,,500,Cost of Goods Sold,4610.36,0.0,
2025-06-04,Verve Supply Co.,Sales,SO-9022,Amazon,Monthly sales summary,401,Sales - Amazon,0.0,78660.05,
2025-06-04,Verve Supply Co.,Sales,SO-9022,Amazon,Monthly sales summary,091,Stripe/Shopify Payments Clearing,78660.05,0.0,
2025-06-05,Verve Supply Co.,Journal,JE-MANUAL-5-20,Jenna Ruiz,plug to match bank,140,Prepaid Expenses,10724.14,0.0,"Manual, no attachment"
2025-06-05,Verve Supply Co.,Journal,JE-MANUAL-5-20,Jenna Ruiz,plug to match bank,110,Accounts Receivable,0.0,10724.14,"Manual, no attachment"
2025-06-09,Verve Supply Co.,Bill,BILL-9115,Pacific Fulfillment LLC,,510,Freight & Shipping (COGS),12149.11,0.0,
2025-06-09,Verve Supply Co.,Bill,BILL-9115,Pacific Fulfillment LLC,,200,Accounts Payable,0.0,12149.11,
2025-06-10,Verve Supply Co.,Bill,BILL-9124,Acme Corp,,200,Accounts Payable,0.0,11279.85,
2025-06-10,Verve Supply Co.,Bill,BILL-9124,Acme Corp,,500,Cost of Goods Sold,11279.85,0.0,
2025-06-13,Verve Supply Co.,Bill,BILL-9121,UPS,,510,Freight & Shipping (COGS),952.78,0.0,
2025-06-13,Verve Supply Co.,Bill,BILL-9121,UPS,,200,Accounts Payable,0.0,952.78,
2025-06-15,Verve Supply Co.,Bill,BILL-9120,Acme Corporation,,200,Accounts Payable,0.0,9510.07,
2025-06-15,Verve Supply Co.,Bill,BILL-9120,Acme Corporation,,500,Cost of Goods Sold,9510.07,0.0,
2025-06-16,Verve Supply Co.,Bill,BILL-9113,ShipBob,,200,Accounts Payable,0.0,2809.66,
2025-06-16,Verve Supply Co.,Bill,BILL-9113,ShipBob,,510,Freight & Shipping (COGS),2809.66,0.0,
2025-06-19,Verve Supply Co.,Sales,SO-9023,Wholesale,Monthly sales summary,110,Accounts Receivable,194320.5,0.0,
2025-06-19,Verve Supply Co.,Sales,SO-9023,Wholesale,Monthly sales summary,402,Sales - Wholesale,0.0,194320.5,
2025-06-20,Verve Supply Co.,Journal,PR-9054,Gusto Payroll,G&A payroll,602,Payroll - G&A,38800.0,0.0,
2025-06-20,Verve Supply Co.,Journal,PR-9054,Gusto Payroll,Payroll taxes,610,Payroll Taxes & Benefits,28329.9,0.0,
2025-06-20,Verve Supply Co.,Journal,PR-9054,Gusto Payroll,Payroll clearing,090,Mercury Business Checking,0.0,161646.62,
2025-06-20,Verve Supply Co.,Journal,PR-9054,Gusto Payroll,Marketing & CS payroll,601,Payroll - Marketing & CS,49466.7,0.0,
2025-06-20,Verve Supply Co.,Journal,PR-9054,Gusto Payroll,Warehouse & Ops payroll,600,Payroll - Warehouse & Ops,45050.02,0.0,
2025-06-24,Verve Supply Co.,Sales,SO-9021,Shopify,Monthly sales summary,091,Stripe/Shopify Payments Clearing,138688.9,0.0,
2025-06-24,Verve Supply Co.,Sales,SO-9021,Shopify,Monthly sales summary,400,Sales - Online (Shopify),0.0,138688.9,
2025-06-25,Verve Supply Co.,Journal,IC-6,Northbridge Collective,Intercompany interest,250,Due to Northbridge Collective (Intercompany),0.0,4450.49,
2025-06-25,Verve Supply Co.,Journal,IC-6,Northbridge Collective,Intercompany interest,900,Interest Expense,4450.49,0.0,
2025-06-25,Verve Supply Co.,Bill,BILL-9122,Acme Corporation,,200,Accounts Payable,0.0,19596.47,
2025-06-25,Verve Supply Co.,Bill,BILL-9122,Acme Corporation,,500,Cost of Goods Sold,19596.47,0.0,
2025-06-26,Verve Supply Co.,Bill,BILL-9119,Grainger,,680,Office Supplies,1184.8,0.0,
2025-06-26,Verve Supply Co.,Payment,PMT-9024,Wholesale Customers,Wholesale AR collections,110,Accounts Receivable,0.0,180670.58,
2025-06-26,Verve Supply Co.,Bill,BILL-9123,ACME Corp.,,500,Cost of Goods Sold,23792.49,0.0,
2025-06-26,Verve Supply Co.,Payment,PMT-9024,Wholesale Customers,Wholesale AR collections,090,Mercury Business Checking,180670.58,0.0,
2025-06-26,Verve Supply Co.,Bill,BILL-9118,Meta Platforms,,650,Advertising - Paid Social,4076.88,0.0,
2025-06-26,Verve Supply Co.,Bill,BILL-9123,ACME Corp.,,200,Accounts Payable,0.0,23792.49,
2025-06-26,Verve Supply Co.,Bill,BILL-9119,Grainger,,200,Accounts Payable,0.0,1184.8,
2025-06-26,Verve Supply Co.,Bill,BILL-9118,Meta Platforms,,200,Accounts Payable,0.0,4076.88,
2025-06-27,Verve Supply Co.,Journal,DEP-5,,Monthly depreciation,800,Depreciation,1373.65,0.0,
2025-06-27,Verve Supply Co.,Journal,DEP-5,,Monthly depreciation,165,Accumulated Depreciation,0.0,1373.65,
2025-06-27,Verve Supply Co.,Bill,BILL-9114,acme corp,,500,Cost of Goods Sold,12059.11,0.0,
2025-06-27,Verve Supply Co.,Bill,BILL-9114,acme corp,,200,Accounts Payable,0.0,12059.11,
2025-06-28,Verve Supply Co.,Bill,BILL-9112,"Pacific Fulfillment, LLC",,200,Accounts Payable,0.0,4505.39,
2025-06-28,Verve Supply Co.,Bill,BILL-9112,"Pacific Fulfillment, LLC",,510,Freight & Shipping (COGS),4505.39,0.0,
2025-06-29,Verve Supply Co.,Transfer,SWEEP-9024,Shopify Payouts,Payout swept to bank,091,Stripe/Shopify Payments Clearing,0.0,210611.13,
2025-06-29,Verve Supply Co.,Transfer,SWEEP-9024,Shopify Payouts,Payout swept to bank,090,Mercury Business Checking,210611.13,0.0,
2025-06-30,Verve Supply Co.,Bill,BILL-9111,"Pacific Fulfillment, LLC",,200,Accounts Payable,0.0,8802.85,
2025-06-30,Verve Supply Co.,Bill,BILL-9111,"Pacific Fulfillment, LLC",,510,Freight & Shipping (COGS),8802.85,0.0,
2025-07-05,Verve Supply Co.,Transfer,SWEEP-9028,Shopify Payouts,Payout swept to bank,091,Stripe/Shopify Payments Clearing,0.0,212929.51,
2025-07-05,Verve Supply Co.,Bill,BILL-9132,Grainger,,200,Accounts Payable,0.0,1156.78,
2025-07-05,Verve Supply Co.,Transfer,SWEEP-9028,Shopify Payouts,Payout swept to bank,090,Mercury Business Checking,212929.51,0.0,
2025-07-05,Verve Supply Co.,Bill,BILL-9132,Grainger,,680,Office Supplies,1156.78,0.0,
2025-07-09,Verve Supply Co.,Journal,FEE-9028,Shopify/Stripe,Processing fees,520,Merchant Processing Fees (COGS),11672.67,0.0,
2025-07-09,Verve Supply Co.,Journal,FEE-9028,Shopify/Stripe,Processing fees,091,Stripe/Shopify Payments Clearing,0.0,11672.67,
2025-07-09,Verve Supply Co.,Journal,COGS-9028,,Est. COGS @ 34% of rev (rule of thumb),500,Cost of Goods Sold,128022.82,0.0,
2025-07-09,Verve Supply Co.,Journal,COGS-9028,,Est. COGS @ 34% of rev (rule of thumb),120,Inventory Asset,0.0,128022.82,
2025-07-10,Verve Supply Co.,Bill,BILL-9125,Bright Packaging Co,,200,Accounts Payable,0.0,2112.36,
2025-07-10,Verve Supply Co.,Bill,BILL-9125,Bright Packaging Co,,500,Cost of Goods Sold,2112.36,0.0,
2025-07-11,Verve Supply Co.,Journal,JE-MANUAL-6-22,Priya Natarajan,misc adj,140,Prepaid Expenses,3480.51,0.0,"Manual, no attachment"
2025-07-11,Verve Supply Co.,Journal,JE-MANUAL-6-22,Priya Natarajan,misc adj,120,Inventory Asset,0.0,3480.51,"Manual, no attachment"
2025-07-13,Verve Supply Co.,Sales,SO-9025,Shopify,Monthly sales summary,400,Sales - Online (Shopify),0.0,145854.7,
2025-07-13,Verve Supply Co.,Bill,BILL-9133,Pacific Fulfillment,,510,Freight & Shipping (COGS),11970.11,0.0,
2025-07-13,Verve Supply Co.,Bill,BILL-9131,Uline,,200,Accounts Payable,0.0,1372.13,
2025-07-13,Verve Supply Co.,Bill,BILL-9131,Uline,,680,Office Supplies,1372.13,0.0,
2025-07-13,Verve Supply Co.,Bill,BILL-9133,Pacific Fulfillment,,200,Accounts Payable,0.0,11970.11,
2025-07-13,Verve Supply Co.,Sales,SO-9025,Shopify,Monthly sales summary,091,Stripe/Shopify Payments Clearing,145854.7,0.0,
2025-07-14,Verve Supply Co.,Sales,SO-9027,Wholesale,Monthly sales summary,110,Accounts Receivable,156796.2,0.0,
2025-07-14,Verve Supply Co.,Sales,SO-9027,Wholesale,Monthly sales summary,402,Sales - Wholesale,0.0,156796.2,
2025-07-15,Verve Supply Co.,Sales,SO-9026,Amazon,Monthly sales summary,401,Sales - Amazon,0.0,73886.8,
2025-07-15,Verve Supply Co.,Sales,SO-9026,Amazon,Monthly sales summary,091,Stripe/Shopify Payments Clearing,73886.8,0.0,
2025-07-16,Verve Supply Co.,Payment,PMT-9028,Wholesale Customers,Wholesale AR collections,090,Mercury Business Checking,133899.09,0.0,
2025-07-16,Verve Supply Co.,Payment,PMT-9028,Wholesale Customers,Wholesale AR collections,110,Accounts Receivable,0.0,133899.09,
2025-07-18,Verve Supply Co.,Bill,BILL-9126,FedEx,,510,Freight & Shipping (COGS),889.66,0.0,
2025-07-18,Verve Supply Co.,Bill,BILL-9126,FedEx,,200,Accounts Payable,0.0,889.66,
2025-07-20,Verve Supply Co.,Journal,PR-9055,Gusto Payroll,Marketing & CS payroll,601,Payroll - Marketing & CS,49466.7,0.0,
2025-07-20,Verve Supply Co.,Journal,PR-9055,Gusto Payroll,Warehouse & Ops payroll,600,Payroll - Warehouse & Ops,45050.02,0.0,
2025-07-20,Verve Supply Co.,Journal,PR-9055,Gusto Payroll,G&A payroll,602,Payroll - G&A,38800.0,0.0,
2025-07-20,Verve Supply Co.,Journal,PR-9055,Gusto Payroll,Payroll clearing,090,Mercury Business Checking,0.0,161646.62,
2025-07-20,Verve Supply Co.,Journal,PR-9055,Gusto Payroll,Payroll taxes,610,Payroll Taxes & Benefits,28329.9,0.0,
2025-07-20,Verve Supply Co.,Bill,BILL-9128,Bright Packaging,,500,Cost of Goods Sold,3307.28,0.0,
2025-07-20,Verve Supply Co.,Bill,BILL-9128,Bright Packaging,,200,Accounts Payable,0.0,3307.28,
2025-07-24,Verve Supply Co.,Bill,BILL-9129,Pacific Fulfillment LLC,,510,Freight & Shipping (COGS),8055.53,0.0,
2025-07-24,Verve Supply Co.,Bill,BILL-9129,Pacific Fulfillment LLC,,200,Accounts Payable,0.0,8055.53,
2025-07-27,Verve Supply Co.,Journal,DEP-6,,Monthly depreciation,800,Depreciation,1332.55,0.0,
2025-07-27,Verve Supply Co.,Journal,DEP-6,,Monthly depreciation,165,Accumulated Depreciation,0.0,1332.55,
2025-07-28,Verve Supply Co.,Journal,JE-MANUAL-6-24,Priya Natarajan,reverse prior entry,120,Inventory Asset,0.0,2288.62,"Manual, no attachment"
2025-07-28,Verve Supply Co.,Bill,BILL-9127,Acme Corporation,,500,Cost of Goods Sold,22163.16,0.0,
2025-07-28,Verve Supply Co.,Bill,BILL-9127,Acme Corporation,,200,Accounts Payable,0.0,22163.16,
2025-07-28,Verve Supply Co.,Journal,JE-MANUAL-6-24,Priya Natarajan,reverse prior entry,120,Inventory Asset,2288.62,0.0,"Manual, no attachment"
2025-07-31,Verve Supply Co.,Bill,BILL-9130,Pacific Fulfillment LLC,,510,Freight & Shipping (COGS),10356.71,0.0,
2025-07-31,Verve Supply Co.,Bill,BILL-9130,Pacific Fulfillment LLC,,200,Accounts Payable,0.0,10356.71,
2025-08-02,Verve Supply Co.,Journal,JE-MANUAL-7-28,Priya Natarajan,per CEO request,120,Inventory Asset,7481.96,0.0,"Manual, no attachment"
2025-08-02,Verve Supply Co.,Journal,JE-MANUAL-7-28,Priya Natarajan,per CEO request,750,Miscellaneous Expense,0.0,7481.96,"Manual, no attachment"
2025-08-04,Verve Supply Co.,Sales,SO-9030,Amazon,Monthly sales summary,401,Sales - Amazon,0.0,82031.9,
2025-08-04,Verve Supply Co.,Sales,SO-9030,Amazon,Monthly sales summary,091,Stripe/Shopify Payments Clearing,82031.9,0.0,
2025-08-05,Verve Supply Co.,Bill,BILL-9136,acme corp,,500,Cost of Goods Sold,31815.29,0.0,
2025-08-05,Verve Supply Co.,Bill,BILL-9136,acme corp,,200,Accounts Payable,0.0,31815.29,
2025-08-07,Verve Supply Co.,Bill,BILL-9137,Pacific Fulfillment,,200,Accounts Payable,0.0,10180.29,
2025-08-07,Verve Supply Co.,Bill,BILL-9137,Pacific Fulfillment,,510,Freight & Shipping (COGS),10180.29,0.0,
2025-08-09,Verve Supply Co.,Journal,COGS-9032,,Est. COGS @ 34% of rev (rule of thumb),500,Cost of Goods Sold,148989.5,0.0,
2025-08-09,Verve Supply Co.,Journal,COGS-9032,,Est. COGS @ 34% of rev (rule of thumb),120,Inventory Asset,0.0,148989.5,
2025-08-09,Verve Supply Co.,Journal,FEE-9032,Shopify/Stripe,Processing fees,520,Merchant Processing Fees (COGS),13584.34,0.0,
2025-08-09,Verve Supply Co.,Journal,FEE-9032,Shopify/Stripe,Processing fees,091,Stripe/Shopify Payments Clearing,0.0,13584.34,
2025-08-10,Verve Supply Co.,Bill,BILL-9143,ShipBob,,200,Accounts Payable,0.0,1384.37,
2025-08-10,Verve Supply Co.,Bill,BILL-9142,acme corp,,500,Cost of Goods Sold,9675.81,0.0,
2025-08-10,Verve Supply Co.,Bill,BILL-9142,acme corp,,200,Accounts Payable,0.0,9675.81,
2025-08-10,Verve Supply Co.,Bill,BILL-9143,ShipBob,,510,Freight & Shipping (COGS),1384.37,0.0,
2025-08-10,Verve Supply Co.,Bill,BILL-9141,ShipBob,,200,Accounts Payable,0.0,2086.22,
2025-08-10,Verve Supply Co.,Bill,BILL-9141,ShipBob,,510,Freight & Shipping (COGS),2086.22,0.0,
2025-08-14,Verve Supply Co.,Bill,BILL-9140,BRIGHT PACKAGING CO.,,200,Accounts Payable,0.0,1369.9,
2025-08-14,Verve Supply Co.,Bill,BILL-9140,BRIGHT PACKAGING CO.,,500,Cost of Goods Sold,1369.9,0.0,
2025-08-16,Verve Supply Co.,Sales,SO-9029,Shopify,Monthly sales summary,400,Sales - Online (Shopify),0.0,144025.4,
2025-08-16,Verve Supply Co.,Sales,SO-9029,Shopify,Monthly sales summary,091,Stripe/Shopify Payments Clearing,144025.4,0.0,
2025-08-18,Verve Supply Co.,Bill,BILL-9134,Klaviyo,,200,Accounts Payable,0.0,8800.44,
2025-08-18,Verve Supply Co.,Bill,BILL-9134,Klaviyo,,660,Software & Subscriptions,8800.44,0.0,
2025-08-20,Verve Supply Co.,Journal,PR-9056,Gusto Payroll,Payroll clearing,090,Mercury Business Checking,0.0,166031.82,
2025-08-20,Verve Supply Co.,Journal,PR-9056,Gusto Payroll,Marketing & CS payroll,601,Payroll - Marketing & CS,49466.7,0.0,
2025-08-20,Verve Supply Co.,Journal,PR-9056,Gusto Payroll,Warehouse & Ops payroll,600,Payroll - Warehouse & Ops,48666.68,0.0,
2025-08-20,Verve Supply Co.,Journal,PR-9056,Gusto Payroll,G&A payroll,602,Payroll - G&A,38800.0,0.0,
2025-08-20,Verve Supply Co.,Journal,PR-9056,Gusto Payroll,Payroll taxes,610,Payroll Taxes & Benefits,29098.44,0.0,
2025-08-21,Verve Supply Co.,Journal,JE-MANUAL-7-26,Jenna Ruiz,clean up,750,Miscellaneous Expense,0.0,1581.15,"Manual, no attachment"
2025-08-21,Verve Supply Co.,Transfer,SWEEP-9032,Shopify Payouts,Payout swept to bank,091,Stripe/Shopify Payments Clearing,0.0,219049.52,
2025-08-21,Verve Supply Co.,Transfer,SWEEP-9032,Shopify Payouts,Payout swept to bank,090,Mercury Business Checking,219049.52,0.0,
2025-08-21,Verve Supply Co.,Journal,JE-MANUAL-7-26,Jenna Ruiz,clean up,120,Inventory Asset,1581.15,0.0,"Manual, no attachment"
2025-08-22,Verve Supply Co.,Sales,SO-9031,Wholesale,Monthly sales summary,110,Accounts Receivable,212147.1,0.0,
2025-08-22,Verve Supply Co.,Sales,SO-9031,Wholesale,Monthly sales summary,402,Sales - Wholesale,0.0,212147.1,
2025-08-23,Verve Supply Co.,Journal,JE-MANUAL-7-30,Jenna Ruiz,per Sarah,120,Inventory Asset,1048.84,0.0,"Manual, no attachment"
2025-08-23,Verve Supply Co.,Journal,JE-MANUAL-7-30,Jenna Ruiz,per Sarah,110,Accounts Receivable,0.0,1048.84,"Manual, no attachment"
2025-08-27,Verve Supply Co.,Journal,DEP-7,,Monthly depreciation,800,Depreciation,1381.67,0.0,
2025-08-27,Verve Supply Co.,Journal,DEP-7,,Monthly depreciation,165,Accumulated Depreciation,0.0,1381.67,
2025-08-27,Verve Supply Co.,Payment,PMT-9032,Wholesale Customers,Wholesale AR collections,110,Accounts Receivable,0.0,169680.69,
2025-08-27,Verve Supply Co.,Payment,PMT-9032,Wholesale Customers,Wholesale AR collections,090,Mercury Business Checking,169680.69,0.0,
2025-08-28,Verve Supply Co.,Bill,BILL-9135,Bright Packaging,,500,Cost of Goods Sold,2730.95,0.0,
2025-08-28,Verve Supply Co.,Bill,BILL-9139,ACME Corp.,,500,Cost of Goods Sold,39977.31,0.0,
2025-08-28,Verve Supply Co.,Bill,BILL-9135,Bright Packaging,,200,Accounts Payable,0.0,2730.95,
2025-08-28,Verve Supply Co.,Bill,BILL-9139,ACME Corp.,,200,Accounts Payable,0.0,39977.31,
2025-08-31,Verve Supply Co.,Bill,BILL-9138,Bright Packaging Co,,500,Cost of Goods Sold,3362.44,0.0,
2025-08-31,Verve Supply Co.,Bill,BILL-9138,Bright Packaging Co,,200,Accounts Payable,0.0,3362.44,
2025-09-01,Verve Supply Co.,Transfer,SWEEP-9036,Shopify Payouts,Payout swept to bank,091,Stripe/Shopify Payments Clearing,0.0,214100.99,
2025-09-01,Verve Supply Co.,Bill,BILL-9154,Pacific Fulfillment,,510,Freight & Shipping (COGS),12087.57,0.0,
2025-09-01,Verve Supply Co.,Bill,BILL-9154,Pacific Fulfillment,,200,Accounts Payable,0.0,12087.57,
2025-09-01,Verve Supply Co.,Transfer,SWEEP-9036,Shopify Payouts,Payout swept to bank,090,Mercury Business Checking,214100.99,0.0,
2025-09-02,Verve Supply Co.,Bill,BILL-9145,Pacific Fulfillment,,200,Accounts Payable,0.0,7843.08,
2025-09-02,Verve Supply Co.,Bill,BILL-9145,Pacific Fulfillment,,510,Freight & Shipping (COGS),7843.08,0.0,
2025-09-02,Verve Supply Co.,Sales,SO-9035,Wholesale,Monthly sales summary,402,Sales - Wholesale,0.0,218443.5,
2025-09-02,Verve Supply Co.,Sales,SO-9035,Wholesale,Monthly sales summary,110,Accounts Receivable,218443.5,0.0,
2025-09-05,Verve Supply Co.,Bill,BILL-9149,Pacific Fulfillment LLC,,200,Accounts Payable,0.0,5414.04,
2025-09-05,Verve Supply Co.,Bill,BILL-9149,Pacific Fulfillment LLC,,510,Freight & Shipping (COGS),5414.04,0.0,
2025-09-06,Verve Supply Co.,Bill,BILL-9146,BRIGHT PACKAGING CO.,,500,Cost of Goods Sold,4877.84,0.0,
2025-09-06,Verve Supply Co.,Bill,BILL-9152,Bright Packaging Co,,200,Accounts Payable,0.0,3333.47,
2025-09-06,Verve Supply Co.,Bill,BILL-9146,BRIGHT PACKAGING CO.,,200,Accounts Payable,0.0,4877.84,
2025-09-06,Verve Supply Co.,Bill,BILL-9152,Bright Packaging Co,,500,Cost of Goods Sold,3333.47,0.0,
2025-09-07,Verve Supply Co.,Journal,FEE-9036,Shopify/Stripe,Processing fees,091,Stripe/Shopify Payments Clearing,0.0,13621.21,
2025-09-07,Verve Supply Co.,Journal,FEE-9036,Shopify/Stripe,Processing fees,520,Merchant Processing Fees (COGS),13621.21,0.0,
2025-09-07,Verve Supply Co.,Journal,COGS-9036,,Est. COGS @ 34% of rev (rule of thumb),500,Cost of Goods Sold,149393.94,0.0,
2025-09-07,Verve Supply Co.,Journal,COGS-9036,,Est. COGS @ 34% of rev (rule of thumb),120,Inventory Asset,0.0,149393.94,
2025-09-08,Verve Supply Co.,Bill,BILL-9147,Uline,,200,Accounts Payable,0.0,1355.18,
2025-09-08,Verve Supply Co.,Bill,BILL-9147,Uline,,680,Office Supplies,1355.18,0.0,
2025-09-10,Verve Supply Co.,Payment,PMT-9036,Wholesale Customers,Wholesale AR collections,090,Mercury Business Checking,199304.3,0.0,
2025-09-10,Verve Supply Co.,Payment,PMT-9036,Wholesale Customers,Wholesale AR collections,110,Accounts Receivable,0.0,199304.3,
2025-09-11,Verve Supply Co.,Sales,SO-9033,Shopify,Monthly sales summary,400,Sales - Online (Shopify),0.0,143822.9,
2025-09-11,Verve Supply Co.,Sales,SO-9033,Shopify,Monthly sales summary,091,Stripe/Shopify Payments Clearing,143822.9,0.0,
2025-09-13,Verve Supply Co.,Bill,BILL-9144,BRIGHT PACKAGING CO.,,500,Cost of Goods Sold,3659.62,0.0,
2025-09-13,Verve Supply Co.,Bill,BILL-9144,BRIGHT PACKAGING CO.,,200,Accounts Payable,0.0,3659.62,
2025-09-16,Verve Supply Co.,Journal,JE-MANUAL-8-34,Priya Natarajan,temp - revisit,750,Miscellaneous Expense,3808.93,0.0,"Manual, no attachment"
2025-09-16,Verve Supply Co.,Journal,JE-MANUAL-8-34,Priya Natarajan,temp - revisit,120,Inventory Asset,0.0,3808.93,"Manual, no attachment"
2025-09-20,Verve Supply Co.,Journal,PR-9057,Gusto Payroll,G&A payroll,602,Payroll - G&A,38800.0,0.0,
2025-09-20,Verve Supply Co.,Journal,PR-9057,Gusto Payroll,Payroll taxes,610,Payroll Taxes & Benefits,29098.44,0.0,
2025-09-20,Verve Supply Co.,Journal,PR-9057,Gusto Payroll,Payroll clearing,090,Mercury Business Checking,0.0,166031.82,
2025-09-20,Verve Supply Co.,Journal,PR-9057,Gusto Payroll,Marketing & CS payroll,601,Payroll - Marketing & CS,49466.7,0.0,
2025-09-20,Verve Supply Co.,Journal,PR-9057,Gusto Payroll,Warehouse & Ops payroll,600,Payroll - Warehouse & Ops,48666.68,0.0,
2025-09-21,Verve Supply Co.,Bill,BILL-9150,USPS,,200,Accounts Payable,0.0,3135.46,
2025-09-21,Verve Supply Co.,Bill,BILL-9150,USPS,,510,Freight & Shipping (COGS),3135.46,0.0,
2025-09-23,Verve Supply Co.,Journal,JE-MANUAL-8-32,Priya Natarajan,adj per bank rec,120,Inventory Asset,4073.46,0.0,"Manual, no attachment"
2025-09-23,Verve Supply Co.,Journal,JE-MANUAL-8-32,Priya Natarajan,adj per bank rec,120,Inventory Asset,0.0,4073.46,"Manual, no attachment"
2025-09-25,Verve Supply Co.,Journal,IC-9,Northbridge Collective,Intercompany interest,900,Interest Expense,4349.22,0.0,
2025-09-25,Verve Supply Co.,Journal,IC-9,Northbridge Collective,Intercompany interest,250,Due to Northbridge Collective (Intercompany),0.0,4349.22,
2025-09-25,Verve Supply Co.,Sales,SO-9034,Amazon,Monthly sales summary,401,Sales - Amazon,0.0,77127.55,
2025-09-25,Verve Supply Co.,Sales,SO-9034,Amazon,Monthly sales summary,091,Stripe/Shopify Payments Clearing,77127.55,0.0,
2025-09-26,Verve Supply Co.,Journal,JE-MANUAL-8-36,Priya Natarajan,reverse prior entry,750,Miscellaneous Expense,6019.43,0.0,"Manual, no attachment"
2025-09-26,Verve Supply Co.,Journal,JE-MANUAL-8-36,Priya Natarajan,reverse prior entry,120,Inventory Asset,0.0,6019.43,"Manual, no attachment"
2025-09-26,Verve Supply Co.,Bill,BILL-9153,ACME Corp.,,200,Accounts Payable,0.0,29445.64,
2025-09-26,Verve Supply Co.,Bill,BILL-9153,ACME Corp.,,500,Cost of Goods Sold,29445.64,0.0,
2025-09-27,Verve Supply Co.,Journal,DEP-8,,Monthly depreciation,165,Accumulated Depreciation,0.0,1369.79,
2025-09-27,Verve Supply Co.,Bill,BILL-9156,BRIGHT PACKAGING CO.,,200,Accounts Payable,0.0,2145.94,
2025-09-27,Verve Supply Co.,Bill,BILL-9156,BRIGHT PACKAGING CO.,,500,Cost of Goods Sold,2145.94,0.0,
2025-09-27,Verve Supply Co.,Journal,DEP-8,,Monthly depreciation,800,Depreciation,1369.79,0.0,
2025-09-28,Verve Supply Co.,Bill,BILL-9155,Pacific Fulfillment,,200,Accounts Payable,0.0,8657.19,
2025-09-28,Verve Supply Co.,Bill,BILL-9155,Pacific Fulfillment,,510,Freight & Shipping (COGS),8657.19,0.0,
2025-09-30,Verve Supply Co.,Bill,BILL-9151,Grainger,,200,Accounts Payable,0.0,331.34,
2025-09-30,Verve Supply Co.,Bill,BILL-9148,Meta Ads,,651,Advertising - Paid Search,8624.65,0.0,
2025-09-30,Verve Supply Co.,Bill,BILL-9148,Meta Ads,,200,Accounts Payable,0.0,8624.65,
2025-09-30,Verve Supply Co.,Bill,BILL-9151,Grainger,,680,Office Supplies,331.34,0.0,
2025-10-02,Verve Supply Co.,Bill,BILL-9164,Uline,,680,Office Supplies,517.1,0.0,
2025-10-02,Verve Supply Co.,Bill,BILL-9164,Uline,,200,Accounts Payable,0.0,517.1,
2025-10-03,Verve Supply Co.,Payment,PMT-9040,Wholesale Customers,Wholesale AR collections,110,Accounts Receivable,0.0,153917.8,
2025-10-03,Verve Supply Co.,Payment,PMT-9040,Wholesale Customers,Wholesale AR collections,090,Mercury Business Checking,153917.8,0.0,
2025-10-04,Verve Supply Co.,Bill,BILL-9163,Google Ads,,660,Software & Subscriptions,7068.03,0.0,
2025-10-04,Verve Supply Co.,Bill,BILL-9163,Google Ads,,200,Accounts Payable,0.0,7068.03,
2025-10-05,Verve Supply Co.,Bill,BILL-9160,FedEx,,200,Accounts Payable,0.0,3396.36,
2025-10-05,Verve Supply Co.,Bill,BILL-9160,FedEx,,510,Freight & Shipping (COGS),3396.36,0.0,
2025-10-10,Verve Supply Co.,Sales,SO-9039,Wholesale,Monthly sales summary,110,Accounts Receivable,196944.0,0.0,
2025-10-10,Verve Supply Co.,Journal,FEE-9040,Shopify/Stripe,Processing fees,091,Stripe/Shopify Payments Clearing,0.0,13962.62,
2025-10-10,Verve Supply Co.,Journal,FEE-9040,Shopify/Stripe,Processing fees,520,Merchant Processing Fees (COGS),13962.62,0.0,
2025-10-10,Verve Supply Co.,Sales,SO-9037,Shopify,Monthly sales summary,091,Stripe/Shopify Payments Clearing,176419.55,0.0,
2025-10-10,Verve Supply Co.,Sales,SO-9037,Shopify,Monthly sales summary,400,Sales - Online (Shopify),0.0,176419.55,
2025-10-10,Verve Supply Co.,Journal,COGS-9040,,Est. COGS @ 34% of rev (rule of thumb),500,Cost of Goods Sold,153138.36,0.0,
2025-10-10,Verve Supply Co.,Sales,SO-9039,Wholesale,Monthly sales summary,402,Sales - Wholesale,0.0,196944.0,
2025-10-10,Verve Supply Co.,Journal,COGS-9040,,Est. COGS @ 34% of rev (rule of thumb),120,Inventory Asset,0.0,153138.36,
2025-10-12,Verve Supply Co.,Transfer,SWEEP-9040,Shopify Payouts,Payout swept to bank,090,Mercury Business Checking,245605.6,0.0,
2025-10-12,Verve Supply Co.,Transfer,SWEEP-9040,Shopify Payouts,Payout swept to bank,091,Stripe/Shopify Payments Clearing,0.0,245605.6,
2025-10-16,Verve Supply Co.,Bill,BILL-9157,ACME Corp.,,500,Cost of Goods Sold,17164.62,0.0,
2025-10-16,Verve Supply Co.,Bill,BILL-9157,ACME Corp.,,200,Accounts Payable,0.0,17164.62,
2025-10-19,Verve Supply Co.,Bill,BILL-9158,Pacific Fulfillment LLC,,510,Freight & Shipping (COGS),10329.22,0.0,
2025-10-19,Verve Supply Co.,Bill,BILL-9162,Meta Platforms,,200,Accounts Payable,0.0,5969.29,
2025-10-19,Verve Supply Co.,Bill,BILL-9162,Meta Platforms,,650,Advertising - Paid Social,5969.29,0.0,
2025-10-19,Verve Supply Co.,Bill,BILL-9158,Pacific Fulfillment LLC,,200,Accounts Payable,0.0,10329.22,
2025-10-20,Verve Supply Co.,Journal,PR-9058,Gusto Payroll,Marketing & CS payroll,601,Payroll - Marketing & CS,49466.7,0.0,
2025-10-20,Verve Supply Co.,Journal,PR-9058,Gusto Payroll,Payroll clearing,090,Mercury Business Checking,0.0,179520.88,
2025-10-20,Verve Supply Co.,Journal,PR-9058,Gusto Payroll,Payroll taxes,610,Payroll Taxes & Benefits,31462.5,0.0,
2025-10-20,Verve Supply Co.,Journal,PR-9058,Gusto Payroll,Warehouse & Ops payroll,600,Payroll - Warehouse & Ops,48666.68,0.0,
2025-10-20,Verve Supply Co.,Journal,PR-9058,Gusto Payroll,G&A payroll,602,Payroll - G&A,49925.0,0.0,
2025-10-23,Verve Supply Co.,Bill,BILL-9159,Pacific Fulfillment LLC,,510,Freight & Shipping (COGS),12798.48,0.0,
2025-10-23,Verve Supply Co.,Bill,BILL-9159,Pacific Fulfillment LLC,,200,Accounts Payable,0.0,12798.48,
2025-10-26,Verve Supply Co.,Sales,SO-9038,Amazon,Monthly sales summary,401,Sales - Amazon,0.0,77043.4,
2025-10-26,Verve Supply Co.,Sales,SO-9038,Amazon,Monthly sales summary,091,Stripe/Shopify Payments Clearing,77043.4,0.0,
2025-10-27,Verve Supply Co.,Journal,DEP-9,,Monthly depreciation,165,Accumulated Depreciation,0.0,1342.88,
2025-10-27,Verve Supply Co.,Journal,DEP-9,,Monthly depreciation,800,Depreciation,1342.88,0.0,
2025-10-29,Verve Supply Co.,Journal,JE-MANUAL-9-38,Priya Natarajan,clean up,120,Inventory Asset,0.0,9085.38,"Manual, no attachment"
2025-10-29,Verve Supply Co.,Journal,JE-MANUAL-9-38,Priya Natarajan,clean up,750,Miscellaneous Expense,9085.38,0.0,"Manual, no attachment"
2025-10-31,Verve Supply Co.,Bill,BILL-9161,Uline,,200,Accounts Payable,0.0,1060.05,
2025-10-31,Verve Supply Co.,Bill,BILL-9161,Uline,,750,Miscellaneous Expense,1060.05,0.0,
2025-11-01,Verve Supply Co.,Journal,JE-MANUAL-10-44,Priya Natarajan,balance plug,120,Inventory Asset,10723.5,0.0,"Manual, no attachment"
2025-11-01,Verve Supply Co.,Journal,JE-MANUAL-10-44,Priya Natarajan,balance plug,390,Retained Earnings,0.0,10723.5,"Manual, no attachment"
2025-11-02,Verve Supply Co.,Journal,JE-MANUAL-10-42,Jenna Ruiz,YE adj,140,Prepaid Expenses,9057.36,0.0,"Manual, no attachment"
2025-11-02,Verve Supply Co.,Journal,JE-MANUAL-10-42,Jenna Ruiz,YE adj,120,Inventory Asset,0.0,9057.36,"Manual, no attachment"
2025-11-03,Verve Supply Co.,Bill,BILL-9176,Bright Packaging,,500,Cost of Goods Sold,5245.35,0.0,
2025-11-03,Verve Supply Co.,Bill,BILL-9176,Bright Packaging,,200,Accounts Payable,0.0,5245.35,
2025-11-05,Verve Supply Co.,Bill,BILL-9173,Foundry Ad Agency,,200,Accounts Payable,0.0,3404.51,
2025-11-05,Verve Supply Co.,Bill,BILL-9173,Foundry Ad Agency,,660,Software & Subscriptions,3404.51,0.0,
2025-11-06,Verve Supply Co.,Transfer,SWEEP-9044,Shopify Payouts,Payout swept to bank,090,Mercury Business Checking,252549.06,0.0,
2025-11-06,Verve Supply Co.,Transfer,SWEEP-9044,Shopify Payouts,Payout swept to bank,091,Stripe/Shopify Payments Clearing,0.0,252549.06,
2025-11-11,Verve Supply Co.,Sales,SO-9042,Amazon,Monthly sales summary,401,Sales - Amazon,0.0,85718.4,
2025-11-11,Verve Supply Co.,Journal,JE-MANUAL-10-40,Priya Natarajan,???,140,Prepaid Expenses,8968.48,0.0,"Manual, no attachment"
2025-11-11,Verve Supply Co.,Sales,SO-9043,Wholesale,Monthly sales summary,110,Accounts Receivable,218625.0,0.0,
2025-11-11,Verve Supply Co.,Journal,JE-MANUAL-10-40,Priya Natarajan,???,110,Accounts Receivable,0.0,8968.48,"Manual, no attachment"
2025-11-11,Verve Supply Co.,Sales,SO-9043,Wholesale,Monthly sales summary,402,Sales - Wholesale,0.0,218625.0,
2025-11-11,Verve Supply Co.,Sales,SO-9042,Amazon,Monthly sales summary,091,Stripe/Shopify Payments Clearing,85718.4,0.0,
2025-11-12,Verve Supply Co.,Bill,BILL-9171,acme corp,,500,Cost of Goods Sold,28120.85,0.0,
2025-11-12,Verve Supply Co.,Bill,BILL-9171,acme corp,,200,Accounts Payable,0.0,28120.85,
2025-11-13,Verve Supply Co.,Bill,BILL-9170,Pacific Fulfillment LLC,,200,Accounts Payable,0.0,10788.58,
2025-11-13,Verve Supply Co.,Bill,BILL-9170,Pacific Fulfillment LLC,,510,Freight & Shipping (COGS),10788.58,0.0,
2025-11-17,Verve Supply Co.,Bill,BILL-9175,Meta Platforms,,200,Accounts Payable,0.0,11419.31,
2025-11-17,Verve Supply Co.,Bill,BILL-9175,Meta Platforms,,650,Advertising - Paid Social,11419.31,0.0,
2025-11-17,Verve Supply Co.,Sales,SO-9041,Shopify,Monthly sales summary,400,Sales - Online (Shopify),0.0,174910.15,
2025-11-17,Verve Supply Co.,Sales,SO-9041,Shopify,Monthly sales summary,091,Stripe/Shopify Payments Clearing,174910.15,0.0,
2025-11-20,Verve Supply Co.,Journal,PR-9059,Gusto Payroll,Marketing & CS payroll,601,Payroll - Marketing & CS,49466.7,0.0,
2025-11-20,Verve Supply Co.,Journal,PR-9059,Gusto Payroll,Payroll taxes,610,Payroll Taxes & Benefits,31462.5,0.0,
2025-11-20,Verve Supply Co.,Journal,PR-9059,Gusto Payroll,G&A payroll,602,Payroll - G&A,49925.0,0.0,
2025-11-20,Verve Supply Co.,Bill,BILL-9174,"Pacific Fulfillment, LLC",,510,Freight & Shipping (COGS),4717.13,0.0,
2025-11-20,Verve Supply Co.,Journal,PR-9059,Gusto Payroll,Warehouse & Ops payroll,600,Payroll - Warehouse & Ops,48666.68,0.0,
2025-11-20,Verve Supply Co.,Bill,BILL-9174,"Pacific Fulfillment, LLC",,200,Accounts Payable,0.0,4717.13,
2025-11-20,Verve Supply Co.,Journal,PR-9059,Gusto Payroll,Payroll clearing,090,Mercury Business Checking,0.0,179520.88,
2025-11-20,Verve Supply Co.,Bill,BILL-9167,BRIGHT PACKAGING CO.,,500,Cost of Goods Sold,5119.08,0.0,
2025-11-20,Verve Supply Co.,Bill,BILL-9167,BRIGHT PACKAGING CO.,,200,Accounts Payable,0.0,5119.08,
2025-11-21,Verve Supply Co.,Bill,BILL-9172,BRIGHT PACKAGING CO.,,500,Cost of Goods Sold,1329.53,0.0,
2025-11-21,Verve Supply Co.,Bill,BILL-9172,BRIGHT PACKAGING CO.,,200,Accounts Payable,0.0,1329.53,
2025-11-25,Verve Supply Co.,Journal,COGS-9044,,Est. COGS @ 34% of rev (rule of thumb),500,Cost of Goods Sold,162946.21,0.0,
2025-11-25,Verve Supply Co.,Journal,COGS-9044,,Est. COGS @ 34% of rev (rule of thumb),120,Inventory Asset,0.0,162946.21,
2025-11-25,Verve Supply Co.,Journal,FEE-9044,Shopify/Stripe,Processing fees,091,Stripe/Shopify Payments Clearing,0.0,14856.86,
2025-11-25,Verve Supply Co.,Journal,FEE-9044,Shopify/Stripe,Processing fees,520,Merchant Processing Fees (COGS),14856.86,0.0,
2025-11-26,Verve Supply Co.,Bill,BILL-9169,UPS,,200,Accounts Payable,0.0,3839.87,
2025-11-26,Verve Supply Co.,Bill,BILL-9166,Bright Packaging Co,,500,Cost of Goods Sold,2856.47,0.0,
2025-11-26,Verve Supply Co.,Bill,BILL-9169,UPS,,510,Freight & Shipping (COGS),3839.87,0.0,
2025-11-26,Verve Supply Co.,Bill,BILL-9166,Bright Packaging Co,,200,Accounts Payable,0.0,2856.47,
2025-11-27,Verve Supply Co.,Journal,DEP-10,,Monthly depreciation,800,Depreciation,1366.01,0.0,
2025-11-27,Verve Supply Co.,Journal,DEP-10,,Monthly depreciation,165,Accumulated Depreciation,0.0,1366.01,
2025-11-28,Verve Supply Co.,Bill,BILL-9168,ACME Corp.,,500,Cost of Goods Sold,10539.89,0.0,
2025-11-28,Verve Supply Co.,Bill,BILL-9168,ACME Corp.,,200,Accounts Payable,0.0,10539.89,
2025-11-30,Verve Supply Co.,Payment,PMT-9044,Wholesale Customers,Wholesale AR collections,110,Accounts Receivable,0.0,166687.91,
2025-11-30,Verve Supply Co.,Bill,BILL-9165,FedEx,,200,Accounts Payable,0.0,1878.7,
2025-11-30,Verve Supply Co.,Bill,BILL-9165,FedEx,,510,Freight & Shipping (COGS),1878.7,0.0,
2025-11-30,Verve Supply Co.,Payment,PMT-9044,Wholesale Customers,Wholesale AR collections,090,Mercury Business Checking,166687.91,0.0,
2025-12-02,Verve Supply Co.,Bill,BILL-9189,Grainger,,750,Miscellaneous Expense,283.2,0.0,
2025-12-02,Verve Supply Co.,Bill,BILL-9189,Grainger,,200,Accounts Payable,0.0,283.2,
2025-12-04,Verve Supply Co.,Journal,JE-MANUAL-11-46,Jenna Ruiz,per Sarah,140,Prepaid Expenses,5440.04,0.0,"Manual, no attachment"
2025-12-04,Verve Supply Co.,Journal,JE-MANUAL-11-46,Jenna Ruiz,per Sarah,120,Inventory Asset,0.0,5440.04,"Manual, no attachment"
2025-12-06,Verve Supply Co.,Journal,FEE-9048,Shopify/Stripe,Processing fees,520,Merchant Processing Fees (COGS),15499.96,0.0,
2025-12-06,Verve Supply Co.,Journal,COGS-9048,,Est. COGS @ 34% of rev (rule of thumb),120,Inventory Asset,0.0,169999.59,
2025-12-06,Verve Supply Co.,Journal,FEE-9048,Shopify/Stripe,Processing fees,091,Stripe/Shopify Payments Clearing,0.0,15499.96,
2025-12-06,Verve Supply Co.,Bill,BILL-9181,Uline,,200,Accounts Payable,0.0,405.97,
2025-12-06,Verve Supply Co.,Journal,COGS-9048,,Est. COGS @ 34% of rev (rule of thumb),500,Cost of Goods Sold,169999.59,0.0,
2025-12-06,Verve Supply Co.,Bill,BILL-9181,Uline,,680,Office Supplies,405.97,0.0,
2025-12-08,Verve Supply Co.,Bill,BILL-9190,Pacific Fulfillment,,510,Freight & Shipping (COGS),11338.19,0.0,
2025-12-08,Verve Supply Co.,Transfer,SWEEP-9048,Shopify Payouts,Payout swept to bank,091,Stripe/Shopify Payments Clearing,0.0,249368.76,
2025-12-08,Verve Supply Co.,Transfer,SWEEP-9048,Shopify Payouts,Payout swept to bank,090,Mercury Business Checking,249368.76,0.0,
2025-12-08,Verve Supply Co.,Bill,BILL-9190,Pacific Fulfillment,,200,Accounts Payable,0.0,11338.19,
2025-12-10,Verve Supply Co.,Bill,BILL-9186,Pacific Fulfillment,,510,Freight & Shipping (COGS),4574.09,0.0,
2025-12-10,Verve Supply Co.,Bill,BILL-9186,Pacific Fulfillment,,200,Accounts Payable,0.0,4574.09,
2025-12-11,Verve Supply Co.,Bill,BILL-9184,Pacific Fulfillment LLC,,510,Freight & Shipping (COGS),10660.12,0.0,
2025-12-11,Verve Supply Co.,Bill,BILL-9184,Pacific Fulfillment LLC,,200,Accounts Payable,0.0,10660.12,
2025-12-12,Verve Supply Co.,Bill,BILL-9177,acme corp,,200,Accounts Payable,0.0,36945.54,
2025-12-12,Verve Supply Co.,Bill,BILL-9185,Pacific Fulfillment LLC,,510,Freight & Shipping (COGS),11531.13,0.0,
2025-12-12,Verve Supply Co.,Bill,BILL-9185,Pacific Fulfillment LLC,,200,Accounts Payable,0.0,11531.13,
2025-12-12,Verve Supply Co.,Bill,BILL-9177,acme corp,,500,Cost of Goods Sold,36945.54,0.0,
2025-12-13,Verve Supply Co.,Sales,SO-9047,Wholesale,Monthly sales summary,110,Accounts Receivable,242652.3,0.0,
2025-12-13,Verve Supply Co.,Sales,SO-9047,Wholesale,Monthly sales summary,402,Sales - Wholesale,0.0,242652.3,
2025-12-13,Verve Supply Co.,Bill,BILL-9187,Acme Corp,,200,Accounts Payable,0.0,16215.83,
2025-12-13,Verve Supply Co.,Bill,BILL-9187,Acme Corp,,500,Cost of Goods Sold,16215.83,0.0,
2025-12-15,Verve Supply Co.,Payment,PMT-9048,Wholesale Customers,Wholesale AR collections,090,Mercury Business Checking,182048.96,0.0,
2025-12-15,Verve Supply Co.,Payment,PMT-9048,Wholesale Customers,Wholesale AR collections,110,Accounts Receivable,0.0,182048.96,
2025-12-16,Verve Supply Co.,Bill,BILL-9178,UPS,,200,Accounts Payable,0.0,3403.66,
2025-12-16,Verve Supply Co.,Bill,BILL-9178,UPS,,510,Freight & Shipping (COGS),3403.66,0.0,
2025-12-19,Verve Supply Co.,Bill,BILL-9182,UPS,,200,Accounts Payable,0.0,3531.17,
2025-12-19,Verve Supply Co.,Bill,BILL-9182,UPS,,510,Freight & Shipping (COGS),3531.17,0.0,
2025-12-20,Verve Supply Co.,Journal,PR-9060,Gusto Payroll,Warehouse & Ops payroll,600,Payroll - Warehouse & Ops,48666.68,0.0,
2025-12-20,Verve Supply Co.,Journal,PR-9060,Gusto Payroll,Payroll taxes,610,Payroll Taxes & Benefits,31462.5,0.0,
2025-12-20,Verve Supply Co.,Journal,PR-9060,Gusto Payroll,G&A payroll,602,Payroll - G&A,49925.0,0.0,
2025-12-20,Verve Supply Co.,Journal,PR-9060,Gusto Payroll,Marketing & CS payroll,601,Payroll - Marketing & CS,49466.7,0.0,
2025-12-20,Verve Supply Co.,Journal,PR-9060,Gusto Payroll,Payroll clearing,090,Mercury Business Checking,0.0,179520.88,
2025-12-21,Verve Supply Co.,Bill,BILL-9188,Uline,,750,Miscellaneous Expense,372.97,0.0,
2025-12-21,Verve Supply Co.,Bill,BILL-9188,Uline,,200,Accounts Payable,0.0,372.97,
2025-12-23,Verve Supply Co.,Bill,BILL-9179,ShipBob,,510,Freight & Shipping (COGS),1603.26,0.0,
2025-12-23,Verve Supply Co.,Bill,BILL-9179,ShipBob,,200,Accounts Payable,0.0,1603.26,
2025-12-25,Verve Supply Co.,Sales,SO-9046,Amazon,Monthly sales summary,401,Sales - Amazon,0.0,82167.8,
2025-12-25,Verve Supply Co.,Journal,IC-12,Northbridge Collective,Intercompany interest,250,Due to Northbridge Collective (Intercompany),0.0,4329.7,
2025-12-25,Verve Supply Co.,Journal,IC-12,Northbridge Collective,Intercompany interest,900,Interest Expense,4329.7,0.0,
2025-12-25,Verve Supply Co.,Sales,SO-9046,Amazon,Monthly sales summary,091,Stripe/Shopify Payments Clearing,82167.8,0.0,
2025-12-27,Verve Supply Co.,Journal,DEP-11,,Monthly depreciation,165,Accumulated Depreciation,0.0,1461.2,
2025-12-27,Verve Supply Co.,Journal,DEP-11,,Monthly depreciation,800,Depreciation,1461.2,0.0,
2025-12-28,Verve Supply Co.,Bill,BILL-9180,USPS,,510,Freight & Shipping (COGS),4037.38,0.0,
2025-12-28,Verve Supply Co.,Bill,BILL-9180,USPS,,200,Accounts Payable,0.0,4037.38,
2025-12-29,Verve Supply Co.,Journal,JE-MANUAL-11-48,Priya Natarajan,reverse prior entry,120,Inventory Asset,0.0,2249.76,"Manual, no attachment"
2025-12-29,Verve Supply Co.,Bill,BILL-9183,Pacific Fulfillment,,200,Accounts Payable,0.0,6377.16,
2025-12-29,Verve Supply Co.,Bill,BILL-9183,Pacific Fulfillment,,510,Freight & Shipping (COGS),6377.16,0.0,
2025-12-29,Verve Supply Co.,Journal,JE-MANUAL-11-48,Priya Natarajan,reverse prior entry,120,Inventory Asset,2249.76,0.0,"Manual, no attachment"
2025-12-31,Verve Supply Co.,Sales,SO-9045,Shopify,Monthly sales summary,400,Sales - Online (Shopify),0.0,175178.7,
2025-12-31,Verve Supply Co.,Sales,SO-9045,Shopify,Monthly sales summary,091,Stripe/Shopify Payments Clearing,175178.7,0.0,
