Date,Entity,TxnType,DocNum,Name,Memo,Account,AccountName,Debit,Credit,Class,Source
2025-01-02,"Northbridge Software, Inc.",Bill,BILL-5046,Slack Technologies,,6410,Computer & Internet Expense,105.16,0.0,,
2025-01-02,"Northbridge Software, Inc.",Bill,BILL-5046,Slack Technologies,,2000,Accounts Payable,0.0,105.16,,
2025-01-03,"Northbridge Software, Inc.",Bill,BILL-5043,Marriott Hotels,,6500,Travel & Entertainment,487.55,0.0,,
2025-01-03,"Northbridge Software, Inc.",Bill,BILL-5043,Marriott Hotels,,2000,Accounts Payable,0.0,487.55,,
2025-01-04,"Northbridge Software, Inc.",Bill,BILL-5042,United Airlines,,6500,Travel & Entertainment,182.99,0.0,,
2025-01-04,"Northbridge Software, Inc.",Bill,BILL-5042,United Airlines,,2000,Accounts Payable,0.0,182.99,,
2025-01-08,"Northbridge Software, Inc.",Bill,BILL-5041,Sterling & Voss LLP (Legal),,6800,Professional Fees,2869.5,0.0,,
2025-01-08,"Northbridge Software, Inc.",Bill,BILL-5045,Figma,,2000,Accounts Payable,0.0,2351.8,,
2025-01-08,"Northbridge Software, Inc.",Bill,BILL-5045,Figma,,6400,Dues & Subscriptions,2351.8,0.0,,
2025-01-08,"Northbridge Software, Inc.",Bill,BILL-5041,Sterling & Voss LLP (Legal),,2000,Accounts Payable,0.0,2869.5,,
2025-01-15,"Northbridge Software, Inc.",Journal,COMM-5225,Various Reps,Commission accrual,2400,Accrued Expenses,0.0,10297.41,,
2025-01-15,"Northbridge Software, Inc.",Journal,COMM-5225,Various Reps,Commission accrual,6200,Sales Commissions,10297.41,0.0,,
2025-01-17,"Northbridge Software, Inc.",Payment,PMT-5001,Stripe Collections,Customer payments collected,1200,Accounts Receivable,0.0,177657.07,,
2025-01-17,"Northbridge Software, Inc.",Payment,PMT-5001,Stripe Collections,Customer payments collected,1010,Stripe Clearing,177657.07,0.0,,
2025-01-17,"Northbridge Software, Inc.",Invoice,INV-5001,Various Customers,Monthly subscription revenue (per Stripe summary),1200,Accounts Receivable,196875.96,0.0,,Manual re-entry
2025-01-17,"Northbridge Software, Inc.",Journal,JE-5001,Stripe,Payment processing fees,5020,Payment Processing Fees (COGS),5152.06,0.0,,
2025-01-17,"Northbridge Software, Inc.",Transfer,SWEEP-5001,Stripe,Stripe payout swept to bank,1010,Stripe Clearing,0.0,172505.01,,
2025-01-17,"Northbridge Software, Inc.",Invoice,INV-5001,Various Customers,Monthly subscription revenue (per Stripe summary),4000,Subscription Revenue,0.0,196875.96,,Manual re-entry
2025-01-17,"Northbridge Software, Inc.",Journal,JE-5001,Stripe,Payment processing fees,1010,Stripe Clearing,0.0,5152.06,,
2025-01-17,"Northbridge Software, Inc.",Bill,BILL-5039,Unknown / no receipt,,2000,Accounts Payable,0.0,493.84,,
2025-01-17,"Northbridge Software, Inc.",Transfer,SWEEP-5001,Stripe,Stripe payout swept to bank,1000,Chase Business Checking,172505.01,0.0,,
2025-01-17,"Northbridge Software, Inc.",Bill,BILL-5039,Unknown / no receipt,,6900,Misc Expense,493.84,0.0,,
2025-01-19,"Northbridge Software, Inc.",Bill,BILL-5038,AWS,,6400,Dues & Subscriptions,2133.83,0.0,,
2025-01-19,"Northbridge Software, Inc.",Bill,BILL-5038,AWS,,2000,Accounts Payable,0.0,2133.83,,
2025-01-20,"Northbridge Software, Inc.",Bill,BILL-5037,Sterling & Voss LLP (Legal),,2000,Accounts Payable,0.0,9183.39,,
2025-01-20,"Northbridge Software, Inc.",Bill,BILL-5037,Sterling & Voss LLP (Legal),,6800,Professional Fees,9183.39,0.0,,
2025-01-20,"Northbridge Software, Inc.",Bill,BILL-5002,AWS,Hosting,5000,Hosting & Infrastructure (COGS),20718.54,0.0,,
2025-01-21,"Northbridge Software, Inc.",Journal,JE-MANUAL-0-0,Jenna Ruiz,YE adj,6900,Misc Expense,0.0,3947.56,,"Manual, no attachment"
2025-01-21,"Northbridge Software, Inc.",Journal,JE-MANUAL-0-0,Jenna Ruiz,YE adj,6900,Misc Expense,3947.56,0.0,,"Manual, no attachment"
2025-01-22,"Northbridge Software, Inc.",Journal,JE-MANUAL-0-2,Priya Natarajan,correcting entry - see email,2400,Accrued Expenses,2757.19,0.0,,"Manual, no attachment"
2025-01-22,"Northbridge Software, Inc.",Journal,JE-MANUAL-0-2,Priya Natarajan,correcting entry - see email,6901,Misc Expense 2,0.0,2757.19,,"Manual, no attachment"
2025-01-22,"Northbridge Software, Inc.",Bill,BILL-5040,Zoom,,2000,Accounts Payable,0.0,98.5,,
2025-01-22,"Northbridge Software, Inc.",Bill,BILL-5040,Zoom,,6410,Computer & Internet Expense,98.5,0.0,,
2025-01-27,"Northbridge Software, Inc.",Bill,BILL-5044,Austin Commercial Properties LLC,,6700,Rent Expense,13957.08,0.0,,
2025-01-27,"Northbridge Software, Inc.",Bill,BILL-5044,Austin Commercial Properties LLC,,2000,Accounts Payable,0.0,13957.08,,
2025-01-27,"Northbridge Software, Inc.",Bill,BILL-5002,AWS,Hosting,2000,Accounts Payable,0.0,20718.54,,
2025-01-28,"Northbridge Software, Inc.",Journal,PR-5025,ADP Payroll,Engineering payroll,6000,Salaries & Wages - Engineering,174275.02,0.0,,
2025-01-28,"Northbridge Software, Inc.",Journal,PR-5025,ADP Payroll,Payroll taxes & benefits,6100,Payroll Taxes & Benefits,98100.44,0.0,,
2025-01-28,"Northbridge Software, Inc.",Journal,PR-5025,ADP Payroll,Sales & Marketing payroll,6010,Salaries & Wages - Sales & Marketing,89916.68,0.0,,
2025-01-28,"Northbridge Software, Inc.",Journal,PR-5025,ADP Payroll,Customer Support payroll,5010,Customer Support Payroll (COGS),33125.0,0.0,,
2025-01-28,"Northbridge Software, Inc.",Journal,PR-5025,ADP Payroll,Payroll clearing to bank,1000,Chase Business Checking,0.0,446592.14,,
2025-01-28,"Northbridge Software, Inc.",Journal,DEP-0,,Monthly depreciation,1510,Accumulated Depreciation,0.0,1921.32,,
2025-01-28,"Northbridge Software, Inc.",Journal,DEP-0,,Monthly depreciation,7000,Depreciation Expense,1921.32,0.0,,
2025-01-28,"Northbridge Software, Inc.",Journal,PR-5025,ADP Payroll,G&A payroll,6020,Salaries & Wages - G&A,51175.0,0.0,,
2025-02-01,"Northbridge Software, Inc.",Bill,BILL-5059,Staples,,6600,Office Supplies,121.67,0.0,,
2025-02-01,"Northbridge Software, Inc.",Bill,BILL-5050,Travelers Insurance,,6900,Misc Expense,2167.52,0.0,,
2025-02-01,"Northbridge Software, Inc.",Bill,BILL-5059,Staples,,2000,Accounts Payable,0.0,121.67,,
2025-02-01,"Northbridge Software, Inc.",Bill,BILL-5050,Travelers Insurance,,2000,Accounts Payable,0.0,2167.52,,
2025-02-04,"Northbridge Software, Inc.",Bill,BILL-5058,Outreach.io,,2000,Accounts Payable,0.0,1490.22,,
2025-02-04,"Northbridge Software, Inc.",Bill,BILL-5060,Zoom,,2000,Accounts Payable,0.0,1252.75,,
2025-02-04,"Northbridge Software, Inc.",Bill,BILL-5061,Staples,,6600,Office Supplies,42.18,0.0,,
2025-02-04,"Northbridge Software, Inc.",Bill,BILL-5060,Zoom,,6400,Dues & Subscriptions,1252.75,0.0,,
2025-02-04,"Northbridge Software, Inc.",Bill,BILL-5061,Staples,,2000,Accounts Payable,0.0,42.18,,
2025-02-04,"Northbridge Software, Inc.",Bill,BILL-5058,Outreach.io,,6300,Marketing & Advertising,1490.22,0.0,,
2025-02-04,"Northbridge Software, Inc.",Bill,BILL-5004,aws,Hosting,2000,Accounts Payable,0.0,31529.23,,
2025-02-05,"Northbridge Software, Inc.",Bill,BILL-5047,Atlassian,,2000,Accounts Payable,0.0,220.19,,
2025-02-05,"Northbridge Software, Inc.",Bill,BILL-5047,Atlassian,,6410,Computer & Internet Expense,220.19,0.0,,
2025-02-09,"Northbridge Software, Inc.",Payment,PMT-5003,Stripe Collections,Customer payments collected,1200,Accounts Receivable,0.0,271797.05,,
2025-02-09,"Northbridge Software, Inc.",Bill,BILL-5057,Austin Commercial Properties LLC,,6700,Rent Expense,14474.48,0.0,,
2025-02-09,"Northbridge Software, Inc.",Transfer,SWEEP-5003,Stripe,Stripe payout swept to bank,1010,Stripe Clearing,0.0,263914.94,,
2025-02-09,"Northbridge Software, Inc.",Bill,BILL-5062,Sterling & Voss LLP (Legal),,6800,Professional Fees,2586.22,0.0,,
2025-02-09,"Northbridge Software, Inc.",Invoice,INV-5003,Various Customers,Monthly subscription revenue (per Stripe summary),1200,Accounts Receivable,303095.27,0.0,,Manual re-entry
2025-02-09,"Northbridge Software, Inc.",Bill,BILL-5062,Sterling & Voss LLP (Legal),,2000,Accounts Payable,0.0,2586.22,,
2025-02-09,"Northbridge Software, Inc.",Journal,JE-5003,Stripe,Payment processing fees,5020,Payment Processing Fees (COGS),7882.11,0.0,,
2025-02-09,"Northbridge Software, Inc.",Journal,JE-5003,Stripe,Payment processing fees,1010,Stripe Clearing,0.0,7882.11,,
2025-02-09,"Northbridge Software, Inc.",Transfer,SWEEP-5003,Stripe,Stripe payout swept to bank,1000,Chase Business Checking,263914.94,0.0,,
2025-02-09,"Northbridge Software, Inc.",Invoice,INV-5003,Various Customers,Monthly subscription revenue (per Stripe summary),4000,Subscription Revenue,0.0,303095.27,,Manual re-entry
2025-02-09,"Northbridge Software, Inc.",Bill,BILL-5057,Austin Commercial Properties LLC,,2000,Accounts Payable,0.0,14474.48,,
2025-02-09,"Northbridge Software, Inc.",Payment,PMT-5003,Stripe Collections,Customer payments collected,1010,Stripe Clearing,271797.05,0.0,,
2025-02-11,"Northbridge Software, Inc.",Bill,BILL-5052,Staples,,6600,Office Supplies,304.83,0.0,,
2025-02-11,"Northbridge Software, Inc.",Journal,JE-MANUAL-1-8,Jenna Ruiz,reverse prior entry,3900,Retained Earnings,0.0,8496.48,,"Manual, no attachment"
2025-02-11,"Northbridge Software, Inc.",Journal,JE-MANUAL-1-8,Jenna Ruiz,reverse prior entry,6901,Misc Expense 2,8496.48,0.0,,"Manual, no attachment"
2025-02-11,"Northbridge Software, Inc.",Bill,BILL-5052,Staples,,2000,Accounts Payable,0.0,304.83,,
2025-02-12,"Northbridge Software, Inc.",Bill,BILL-5049,Travelers Insurance,,2000,Accounts Payable,0.0,2191.16,,
2025-02-12,"Northbridge Software, Inc.",Bill,BILL-5049,Travelers Insurance,,6900,Misc Expense,2191.16,0.0,,
2025-02-13,"Northbridge Software, Inc.",Bill,BILL-5051,Zoom,,6400,Dues & Subscriptions,541.02,0.0,,
2025-02-13,"Northbridge Software, Inc.",Bill,BILL-5051,Zoom,,2000,Accounts Payable,0.0,541.02,,
2025-02-13,"Northbridge Software, Inc.",Journal,JE-MANUAL-1-4,Priya Natarajan,YE adj,1200,Accounts Receivable,0.0,6360.12,,"Manual, no attachment"
2025-02-13,"Northbridge Software, Inc.",Journal,JE-MANUAL-1-4,Priya Natarajan,YE adj,2400,Accrued Expenses,6360.12,0.0,,"Manual, no attachment"
2025-02-15,"Northbridge Software, Inc.",Journal,COMM-5226,Various Reps,Commission accrual,6200,Sales Commissions,8749.65,0.0,,
2025-02-15,"Northbridge Software, Inc.",Journal,COMM-5226,Various Reps,Commission accrual,2400,Accrued Expenses,0.0,8749.65,,
2025-02-17,"Northbridge Software, Inc.",Bill,BILL-5054,Unknown / no receipt,,6900,Misc Expense,836.02,0.0,,
2025-02-17,"Northbridge Software, Inc.",Bill,BILL-5054,Unknown / no receipt,,2000,Accounts Payable,0.0,836.02,,
2025-02-20,"Northbridge Software, Inc.",Bill,BILL-5063,Travelers Insurance,,6900,Misc Expense,2097.6,0.0,,
2025-02-20,"Northbridge Software, Inc.",Bill,BILL-5063,Travelers Insurance,,2000,Accounts Payable,0.0,2097.6,,
2025-02-20,"Northbridge Software, Inc.",Bill,BILL-5056,Austin Commercial Properties LLC,,2000,Accounts Payable,0.0,14164.67,,
2025-02-20,"Northbridge Software, Inc.",Bill,BILL-5056,Austin Commercial Properties LLC,,6700,Rent Expense,14164.67,0.0,,
2025-02-21,"Northbridge Software, Inc.",Bill,BILL-5048,Unknown / no receipt,,6900,Misc Expense,739.32,0.0,,
2025-02-21,"Northbridge Software, Inc.",Bill,BILL-5053,Austin Commercial Properties LLC,,2000,Accounts Payable,0.0,14101.81,,
2025-02-21,"Northbridge Software, Inc.",Bill,BILL-5048,Unknown / no receipt,,2000,Accounts Payable,0.0,739.32,,
2025-02-21,"Northbridge Software, Inc.",Bill,BILL-5053,Austin Commercial Properties LLC,,6700,Rent Expense,14101.81,0.0,,
2025-02-23,"Northbridge Software, Inc.",Bill,BILL-5004,aws,Hosting,5000,Hosting & Infrastructure (COGS),31529.23,0.0,,
2025-02-25,"Northbridge Software, Inc.",Bill,BILL-5064,Outreach.io,,6300,Marketing & Advertising,5422.06,0.0,,
2025-02-25,"Northbridge Software, Inc.",Bill,BILL-5064,Outreach.io,,2000,Accounts Payable,0.0,5422.06,,
2025-02-26,"Northbridge Software, Inc.",Journal,JE-MANUAL-1-6,Jenna Ruiz,n/a,6901,Misc Expense 2,0.0,2807.79,,"Manual, no attachment"
2025-02-26,"Northbridge Software, Inc.",Journal,JE-MANUAL-1-6,Jenna Ruiz,n/a,6900,Misc Expense,2807.79,0.0,,"Manual, no attachment"
2025-02-27,"Northbridge Software, Inc.",Bill,BILL-5055,Sterling & Voss LLP (Legal),,6800,Professional Fees,5187.36,0.0,,
2025-02-27,"Northbridge Software, Inc.",Bill,BILL-5055,Sterling & Voss LLP (Legal),,2000,Accounts Payable,0.0,5187.36,,
2025-02-28,"Northbridge Software, Inc.",Journal,PR-5026,ADP Payroll,G&A payroll,6020,Salaries & Wages - G&A,72116.68,0.0,,
2025-02-28,"Northbridge Software, Inc.",Journal,DEP-1,,Monthly depreciation,7000,Depreciation Expense,1859.2,0.0,,
2025-02-28,"Northbridge Software, Inc.",Journal,DEP-1,,Monthly depreciation,1510,Accumulated Depreciation,0.0,1859.2,,
2025-02-28,"Northbridge Software, Inc.",Journal,PR-5026,ADP Payroll,Engineering payroll,6000,Salaries & Wages - Engineering,174275.02,0.0,,
2025-02-28,"Northbridge Software, Inc.",Journal,PR-5026,ADP Payroll,Sales & Marketing payroll,6010,Salaries & Wages - Sales & Marketing,89916.68,0.0,,
2025-02-28,"Northbridge Software, Inc.",Journal,PR-5026,ADP Payroll,Customer Support payroll,5010,Customer Support Payroll (COGS),33125.0,0.0,,
2025-02-28,"Northbridge Software, Inc.",Journal,PR-5026,ADP Payroll,Payroll clearing to bank,1000,Chase Business Checking,0.0,473428.9,,
2025-02-28,"Northbridge Software, Inc.",Journal,PR-5026,ADP Payroll,Payroll taxes & benefits,6100,Payroll Taxes & Benefits,103995.52,0.0,,
2025-03-05,"Northbridge Software, Inc.",Bill,BILL-5074,GitHub,,2000,Accounts Payable,0.0,544.24,,
2025-03-05,"Northbridge Software, Inc.",Bill,BILL-5074,GitHub,,6410,Computer & Internet Expense,544.24,0.0,,
2025-03-07,"Northbridge Software, Inc.",Bill,BILL-5072,Staples,,6600,Office Supplies,294.8,0.0,,
2025-03-07,"Northbridge Software, Inc.",Bill,BILL-5072,Staples,,2000,Accounts Payable,0.0,294.8,,
2025-03-08,"Northbridge Software, Inc.",Bill,BILL-5077,Amazon Web Services,,2000,Accounts Payable,0.0,56.2,,
2025-03-08,"Northbridge Software, Inc.",Bill,BILL-5077,Amazon Web Services,,6400,Dues & Subscriptions,56.2,0.0,,
2025-03-09,"Northbridge Software, Inc.",Bill,BILL-5067,Slack,,6410,Computer & Internet Expense,453.0,0.0,,
2025-03-09,"Northbridge Software, Inc.",Bill,BILL-5067,Slack,,2000,Accounts Payable,0.0,453.0,,
2025-03-09,"Northbridge Software, Inc.",Bill,BILL-5006,aws,Hosting,2000,Accounts Payable,0.0,35291.46,,
2025-03-10,"Northbridge Software, Inc.",Bill,BILL-5069,Outreach.io,,6300,Marketing & Advertising,3185.91,0.0,,
2025-03-10,"Northbridge Software, Inc.",Bill,BILL-5069,Outreach.io,,2000,Accounts Payable,0.0,3185.91,,
2025-03-11,"Northbridge Software, Inc.",Journal,COMM-5227,Various Reps,Commission accrual,6200,Sales Commissions,8068.93,0.0,,
2025-03-11,"Northbridge Software, Inc.",Journal,COMM-5227,Various Reps,Commission accrual,2400,Accrued Expenses,0.0,8068.93,,
2025-03-13,"Northbridge Software, Inc.",Journal,JE-MANUAL-2-10,Jenna Ruiz,correcting entry - see email,2400,Accrued Expenses,0.0,7411.86,,"Manual, no attachment"
2025-03-13,"Northbridge Software, Inc.",Bill,BILL-5080,GitHub,,6400,Dues & Subscriptions,2242.75,0.0,,
2025-03-13,"Northbridge Software, Inc.",Journal,JE-MANUAL-2-10,Jenna Ruiz,correcting entry - see email,1400,Prepaid Expenses,7411.86,0.0,,"Manual, no attachment"
2025-03-13,"Northbridge Software, Inc.",Bill,BILL-5080,GitHub,,2000,Accounts Payable,0.0,2242.75,,
2025-03-14,"Northbridge Software, Inc.",Bill,BILL-5066,Slack,,2000,Accounts Payable,0.0,261.13,,
2025-03-14,"Northbridge Software, Inc.",Bill,BILL-5066,Slack,,6410,Computer & Internet Expense,261.13,0.0,,
2025-03-16,"Northbridge Software, Inc.",Bill,BILL-5070,Travelers Insurance,,2000,Accounts Payable,0.0,2017.73,,
2025-03-16,"Northbridge Software, Inc.",Bill,BILL-5070,Travelers Insurance,,6900,Misc Expense,2017.73,0.0,,
2025-03-16,"Northbridge Software, Inc.",Journal,JE-MANUAL-2-12,Jenna Ruiz,YE adj,6901,Misc Expense 2,0.0,3057.33,,"Manual, no attachment"
2025-03-16,"Northbridge Software, Inc.",Journal,JE-MANUAL-2-12,Jenna Ruiz,YE adj,1400,Prepaid Expenses,3057.33,0.0,,"Manual, no attachment"
2025-03-17,"Northbridge Software, Inc.",Bill,BILL-5073,Slack,,6410,Computer & Internet Expense,2510.47,0.0,,
2025-03-17,"Northbridge Software, Inc.",Bill,BILL-5073,Slack,,2000,Accounts Payable,0.0,2510.47,,
2025-03-18,"Northbridge Software, Inc.",Bill,BILL-5076,Unknown / no receipt,,6900,Misc Expense,849.01,0.0,,
2025-03-18,"Northbridge Software, Inc.",Bill,BILL-5076,Unknown / no receipt,,2000,Accounts Payable,0.0,849.01,,
2025-03-19,"Northbridge Software, Inc.",Payment,PMT-5005,Stripe Collections,Customer payments collected,1010,Stripe Clearing,352857.87,0.0,,
2025-03-19,"Northbridge Software, Inc.",Transfer,SWEEP-5005,Stripe,Stripe payout swept to bank,1010,Stripe Clearing,0.0,342624.99,,
2025-03-19,"Northbridge Software, Inc.",Payment,PMT-5005,Stripe Collections,Customer payments collected,1200,Accounts Receivable,0.0,352857.87,,
2025-03-19,"Northbridge Software, Inc.",Journal,JE-5005,Stripe,Payment processing fees,1010,Stripe Clearing,0.0,10232.88,,
2025-03-19,"Northbridge Software, Inc.",Invoice,INV-5005,Various Customers,Monthly subscription revenue (per Stripe summary),1200,Accounts Receivable,368142.14,0.0,,Manual re-entry
2025-03-19,"Northbridge Software, Inc.",Transfer,SWEEP-5005,Stripe,Stripe payout swept to bank,1000,Chase Business Checking,342624.99,0.0,,
2025-03-19,"Northbridge Software, Inc.",Journal,JE-5005,Stripe,Payment processing fees,5020,Payment Processing Fees (COGS),10232.88,0.0,,
2025-03-19,"Northbridge Software, Inc.",Invoice,INV-5005,Various Customers,Monthly subscription revenue (per Stripe summary),4000,Subscription Revenue,0.0,368142.14,,Manual re-entry
2025-03-20,"Northbridge Software, Inc.",Bill,BILL-5071,Austin Commercial Properties LLC,,2000,Accounts Payable,0.0,14003.76,,
2025-03-20,"Northbridge Software, Inc.",Bill,BILL-5071,Austin Commercial Properties LLC,,6700,Rent Expense,14003.76,0.0,,
2025-03-25,"Northbridge Software, Inc.",Bill,BILL-5065,Baymark CPAs,,6800,Professional Fees,3402.88,0.0,,
2025-03-25,"Northbridge Software, Inc.",Bill,BILL-5065,Baymark CPAs,,2000,Accounts Payable,0.0,3402.88,,
2025-03-25,"Northbridge Software, Inc.",Journal,IC-3,Northbridge Collective,Intercompany interest,2500,Intercompany - Due to Northbridge Collective,0.0,6672.49,,
2025-03-25,"Northbridge Software, Inc.",Journal,IC-3,Northbridge Collective,Intercompany interest,8000,Interest Expense,6672.49,0.0,,
2025-03-26,"Northbridge Software, Inc.",Bill,BILL-5078,United Airlines,,2000,Accounts Payable,0.0,851.75,,
2025-03-26,"Northbridge Software, Inc.",Bill,BILL-5078,United Airlines,,6500,Travel & Entertainment,851.75,0.0,,
2025-03-26,"Northbridge Software, Inc.",Bill,BILL-5075,Baymark CPAs,,6800,Professional Fees,5715.75,0.0,,
2025-03-26,"Northbridge Software, Inc.",Bill,BILL-5075,Baymark CPAs,,2000,Accounts Payable,0.0,5715.75,,
2025-03-27,"Northbridge Software, Inc.",Bill,BILL-5079,Baymark CPAs,,2000,Accounts Payable,0.0,6119.94,,
2025-03-27,"Northbridge Software, Inc.",Bill,BILL-5079,Baymark CPAs,,6800,Professional Fees,6119.94,0.0,,
2025-03-28,"Northbridge Software, Inc.",Journal,PR-5027,ADP Payroll,Customer Support payroll,5010,Customer Support Payroll (COGS),39308.34,0.0,,
2025-03-28,"Northbridge Software, Inc.",Journal,PR-5027,ADP Payroll,Engineering payroll,6000,Salaries & Wages - Engineering,187325.02,0.0,,
2025-03-28,"Northbridge Software, Inc.",Journal,DEP-2,,Monthly depreciation,1510,Accumulated Depreciation,0.0,1818.06,,
2025-03-28,"Northbridge Software, Inc.",Journal,DEP-2,,Monthly depreciation,7000,Depreciation Expense,1818.06,0.0,,
2025-03-28,"Northbridge Software, Inc.",Bill,BILL-5006,aws,Hosting,5000,Hosting & Infrastructure (COGS),35291.46,0.0,,
2025-03-28,"Northbridge Software, Inc.",Journal,PR-5027,ADP Payroll,Payroll taxes & benefits,6100,Payroll Taxes & Benefits,111687.5,0.0,,
2025-03-28,"Northbridge Software, Inc.",Journal,PR-5027,ADP Payroll,Sales & Marketing payroll,6010,Salaries & Wages - Sales & Marketing,98008.34,0.0,,
2025-03-28,"Northbridge Software, Inc.",Journal,PR-5027,ADP Payroll,G&A payroll,6020,Salaries & Wages - G&A,72116.68,0.0,,
2025-03-28,"Northbridge Software, Inc.",Journal,PR-5027,ADP Payroll,Payroll clearing to bank,1000,Chase Business Checking,0.0,508445.88,,
2025-03-29,"Northbridge Software, Inc.",Bill,BILL-5068,Outreach.io,,6300,Marketing & Advertising,6403.58,0.0,,
2025-03-29,"Northbridge Software, Inc.",Bill,BILL-5068,Outreach.io,,2000,Accounts Payable,0.0,6403.58,,
2025-04-01,"Northbridge Software, Inc.",Bill,BILL-5091,Sterling & Voss LLP (Legal),,6800,Professional Fees,5342.97,0.0,,
2025-04-01,"Northbridge Software, Inc.",Bill,BILL-5091,Sterling & Voss LLP (Legal),,2000,Accounts Payable,0.0,5342.97,,
2025-04-02,"Northbridge Software, Inc.",Bill,BILL-5081,Baymark CPAs,,6800,Professional Fees,5746.98,0.0,,
2025-04-02,"Northbridge Software, Inc.",Bill,BILL-5081,Baymark CPAs,,2000,Accounts Payable,0.0,5746.98,,
2025-04-04,"Northbridge Software, Inc.",Bill,BILL-5088,Salesforce.com,,6400,Dues & Subscriptions,437.42,0.0,,
2025-04-04,"Northbridge Software, Inc.",Bill,BILL-5088,Salesforce.com,,2000,Accounts Payable,0.0,437.42,,
2025-04-05,"Northbridge Software, Inc.",Bill,BILL-5093,Office Depot,,6600,Office Supplies,248.73,0.0,,
2025-04-05,"Northbridge Software, Inc.",Bill,BILL-5089,Outreach.io,,2000,Accounts Payable,0.0,1253.83,,
2025-04-05,"Northbridge Software, Inc.",Bill,BILL-5093,Office Depot,,2000,Accounts Payable,0.0,248.73,,
2025-04-05,"Northbridge Software, Inc.",Bill,BILL-5089,Outreach.io,,6300,Marketing & Advertising,1253.83,0.0,,
2025-04-05,"Northbridge Software, Inc.",Bill,BILL-5084,Travelers Insurance,,2000,Accounts Payable,0.0,2002.83,,
2025-04-05,"Northbridge Software, Inc.",Bill,BILL-5084,Travelers Insurance,,6900,Misc Expense,2002.83,0.0,,
2025-04-07,"Northbridge Software, Inc.",Bill,BILL-5087,Office Depot,,6600,Office Supplies,45.6,0.0,,
2025-04-07,"Northbridge Software, Inc.",Bill,BILL-5087,Office Depot,,2000,Accounts Payable,0.0,45.6,,
2025-04-08,"Northbridge Software, Inc.",Bill,BILL-5090,AWS,,2000,Accounts Payable,0.0,86.73,,
2025-04-08,"Northbridge Software, Inc.",Bill,BILL-5090,AWS,,6410,Computer & Internet Expense,86.73,0.0,,
2025-04-09,"Northbridge Software, Inc.",Bill,BILL-5086,Figma,,2000,Accounts Payable,0.0,1152.35,,
2025-04-09,"Northbridge Software, Inc.",Bill,BILL-5086,Figma,,6400,Dues & Subscriptions,1152.35,0.0,,
2025-04-12,"Northbridge Software, Inc.",Bill,BILL-5082,Uber Technologies,,2000,Accounts Payable,0.0,227.01,,
2025-04-12,"Northbridge Software, Inc.",Bill,BILL-5083,Austin Commercial Properties LLC,,6700,Rent Expense,14025.89,0.0,,
2025-04-12,"Northbridge Software, Inc.",Journal,COMM-5228,Various Reps,Commission accrual,6200,Sales Commissions,7425.79,0.0,,
2025-04-12,"Northbridge Software, Inc.",Bill,BILL-5083,Austin Commercial Properties LLC,,2000,Accounts Payable,0.0,14025.89,,
2025-04-12,"Northbridge Software, Inc.",Journal,COMM-5228,Various Reps,Commission accrual,2400,Accrued Expenses,0.0,7425.79,,
2025-04-12,"Northbridge Software, Inc.",Bill,BILL-5082,Uber Technologies,,6500,Travel & Entertainment,227.01,0.0,,
2025-04-13,"Northbridge Software, Inc.",Bill,BILL-5008,Amazon Web Services,Hosting,5000,Hosting & Infrastructure (COGS),42586.72,0.0,,
2025-04-16,"Northbridge Software, Inc.",Bill,BILL-5085,Notion Labs,,2000,Accounts Payable,0.0,2290.59,,
2025-04-16,"Northbridge Software, Inc.",Bill,BILL-5085,Notion Labs,,6400,Dues & Subscriptions,2290.59,0.0,,
2025-04-21,"Northbridge Software, Inc.",Bill,BILL-5092,Staples,,2000,Accounts Payable,0.0,179.68,,
2025-04-21,"Northbridge Software, Inc.",Bill,BILL-5092,Staples,,6600,Office Supplies,179.68,0.0,,
2025-04-25,"Northbridge Software, Inc.",Bill,BILL-5094,Baymark CPAs,,6800,Professional Fees,3170.4,0.0,,
2025-04-25,"Northbridge Software, Inc.",Bill,BILL-5094,Baymark CPAs,,2000,Accounts Payable,0.0,3170.4,,
2025-04-26,"Northbridge Software, Inc.",Invoice,INV-5007,Various Customers,Monthly subscription revenue (per Stripe summary),1200,Accounts Receivable,425074.27,0.0,,Manual re-entry
2025-04-26,"Northbridge Software, Inc.",Payment,PMT-5007,Stripe Collections,Customer payments collected,1010,Stripe Clearing,397540.04,0.0,,
2025-04-26,"Northbridge Software, Inc.",Invoice,INV-5007,Various Customers,Monthly subscription revenue (per Stripe summary),4000,Subscription Revenue,0.0,425074.27,,Manual re-entry
2025-04-26,"Northbridge Software, Inc.",Transfer,SWEEP-5007,Stripe,Stripe payout swept to bank,1010,Stripe Clearing,0.0,386011.38,,
2025-04-26,"Northbridge Software, Inc.",Journal,JE-5007,Stripe,Payment processing fees,5020,Payment Processing Fees (COGS),11528.66,0.0,,
2025-04-26,"Northbridge Software, Inc.",Transfer,SWEEP-5007,Stripe,Stripe payout swept to bank,1000,Chase Business Checking,386011.38,0.0,,
2025-04-26,"Northbridge Software, Inc.",Journal,JE-5007,Stripe,Payment processing fees,1010,Stripe Clearing,0.0,11528.66,,
2025-04-26,"Northbridge Software, Inc.",Payment,PMT-5007,Stripe Collections,Customer payments collected,1200,Accounts Receivable,0.0,397540.04,,
2025-04-28,"Northbridge Software, Inc.",Journal,PR-5028,ADP Payroll,Payroll taxes & benefits,6100,Payroll Taxes & Benefits,111687.5,0.0,,
2025-04-28,"Northbridge Software, Inc.",Journal,PR-5028,ADP Payroll,G&A payroll,6020,Salaries & Wages - G&A,72116.68,0.0,,
2025-04-28,"Northbridge Software, Inc.",Journal,PR-5028,ADP Payroll,Engineering payroll,6000,Salaries & Wages - Engineering,187325.02,0.0,,
2025-04-28,"Northbridge Software, Inc.",Journal,PR-5028,ADP Payroll,Customer Support payroll,5010,Customer Support Payroll (COGS),39308.34,0.0,,
2025-04-28,"Northbridge Software, Inc.",Journal,DEP-3,,Monthly depreciation,1510,Accumulated Depreciation,0.0,1803.03,,
2025-04-28,"Northbridge Software, Inc.",Journal,PR-5028,ADP Payroll,Sales & Marketing payroll,6010,Salaries & Wages - Sales & Marketing,98008.34,0.0,,
2025-04-28,"Northbridge Software, Inc.",Journal,PR-5028,ADP Payroll,Payroll clearing to bank,1000,Chase Business Checking,0.0,508445.88,,
2025-04-28,"Northbridge Software, Inc.",Journal,DEP-3,,Monthly depreciation,7000,Depreciation Expense,1803.03,0.0,,
2025-04-29,"Northbridge Software, Inc.",Journal,JE-MANUAL-3-14,Jenna Ruiz,per CEO request,3900,Retained Earnings,0.0,5399.08,,"Manual, no attachment"
2025-04-29,"Northbridge Software, Inc.",Journal,JE-MANUAL-3-14,Jenna Ruiz,per CEO request,2400,Accrued Expenses,5399.08,0.0,,"Manual, no attachment"
2025-04-29,"Northbridge Software, Inc.",Bill,BILL-5008,Amazon Web Services,Hosting,2000,Accounts Payable,0.0,42586.72,,
2025-05-02,"Northbridge Software, Inc.",Bill,BILL-5112,Sterling & Voss LLP (Legal),,2000,Accounts Payable,0.0,3557.91,,
2025-05-02,"Northbridge Software, Inc.",Bill,BILL-5112,Sterling & Voss LLP (Legal),,6800,Professional Fees,3557.91,0.0,,
2025-05-03,"Northbridge Software, Inc.",Bill,BILL-5096,Austin Commercial Properties LLC,,2000,Accounts Payable,0.0,14465.31,,
2025-05-03,"Northbridge Software, Inc.",Bill,BILL-5096,Austin Commercial Properties LLC,,6700,Rent Expense,14465.31,0.0,,
2025-05-04,"Northbridge Software, Inc.",Bill,BILL-5010,aws,Hosting,5000,Hosting & Infrastructure (COGS),28201.05,0.0,,
2025-05-04,"Northbridge Software, Inc.",Bill,BILL-5101,Outreach.io,,6300,Marketing & Advertising,3073.83,0.0,,
2025-05-04,"Northbridge Software, Inc.",Bill,BILL-5101,Outreach.io,,2000,Accounts Payable,0.0,3073.83,,
2025-05-06,"Northbridge Software, Inc.",Bill,BILL-5111,LinkedIn,,6410,Computer & Internet Expense,48.79,0.0,,
2025-05-06,"Northbridge Software, Inc.",Bill,BILL-5111,LinkedIn,,2000,Accounts Payable,0.0,48.79,,
2025-05-09,"Northbridge Software, Inc.",Bill,BILL-5109,AWS,,6400,Dues & Subscriptions,1127.27,0.0,,
2025-05-09,"Northbridge Software, Inc.",Bill,BILL-5109,AWS,,2000,Accounts Payable,0.0,1127.27,,
2025-05-11,"Northbridge Software, Inc.",Bill,BILL-5110,Zoom Video Communications,,2000,Accounts Payable,0.0,1182.17,,
2025-05-11,"Northbridge Software, Inc.",Bill,BILL-5110,Zoom Video Communications,,6410,Computer & Internet Expense,1182.17,0.0,,
2025-05-12,"Northbridge Software, Inc.",Bill,BILL-5102,Figma Inc,,2000,Accounts Payable,0.0,1111.87,,
2025-05-12,"Northbridge Software, Inc.",Bill,BILL-5102,Figma Inc,,6400,Dues & Subscriptions,1111.87,0.0,,
2025-05-13,"Northbridge Software, Inc.",Bill,BILL-5107,Travelers Insurance,,2000,Accounts Payable,0.0,2161.92,,
2025-05-13,"Northbridge Software, Inc.",Bill,BILL-5107,Travelers Insurance,,6900,Misc Expense,2161.92,0.0,,
2025-05-14,"Northbridge Software, Inc.",Journal,JE-MANUAL-4-16,Priya Natarajan,per CEO request,6900,Misc Expense,9580.8,0.0,,"Manual, no attachment"
2025-05-14,"Northbridge Software, Inc.",Journal,JE-MANUAL-4-16,Priya Natarajan,per CEO request,6901,Misc Expense 2,0.0,9580.8,,"Manual, no attachment"
2025-05-16,"Northbridge Software, Inc.",Journal,JE-MANUAL-4-20,Priya Natarajan,TO ADJUST,6900,Misc Expense,0.0,795.36,,"Manual, no attachment"
2025-05-16,"Northbridge Software, Inc.",Journal,JE-MANUAL-4-20,Priya Natarajan,TO ADJUST,2400,Accrued Expenses,795.36,0.0,,"Manual, no attachment"
2025-05-18,"Northbridge Software, Inc.",Bill,BILL-5010,aws,Hosting,2000,Accounts Payable,0.0,28201.05,,
2025-05-19,"Northbridge Software, Inc.",Journal,JE-MANUAL-4-18,Priya Natarajan,balance plug,6900,Misc Expense,5256.26,0.0,,"Manual, no attachment"
2025-05-19,"Northbridge Software, Inc.",Bill,BILL-5103,Delta Air Lines,,6500,Travel & Entertainment,354.48,0.0,,
2025-05-19,"Northbridge Software, Inc.",Journal,JE-MANUAL-4-18,Priya Natarajan,balance plug,1200,Accounts Receivable,0.0,5256.26,,"Manual, no attachment"
2025-05-19,"Northbridge Software, Inc.",Bill,BILL-5103,Delta Air Lines,,2000,Accounts Payable,0.0,354.48,,
2025-05-20,"Northbridge Software, Inc.",Bill,BILL-5098,Unknown / no receipt,,6900,Misc Expense,386.53,0.0,,
2025-05-20,"Northbridge Software, Inc.",Bill,BILL-5098,Unknown / no receipt,,2000,Accounts Payable,0.0,386.53,,
2025-05-23,"Northbridge Software, Inc.",Bill,BILL-5100,Austin Commercial Properties LLC,,2000,Accounts Payable,0.0,14194.22,,
2025-05-23,"Northbridge Software, Inc.",Bill,BILL-5105,Travelers Insurance,,6900,Misc Expense,2160.68,0.0,,
2025-05-23,"Northbridge Software, Inc.",Bill,BILL-5105,Travelers Insurance,,2000,Accounts Payable,0.0,2160.68,,
2025-05-23,"Northbridge Software, Inc.",Bill,BILL-5100,Austin Commercial Properties LLC,,6700,Rent Expense,14194.22,0.0,,
2025-05-24,"Northbridge Software, Inc.",Bill,BILL-5104,Office Depot,,2000,Accounts Payable,0.0,61.57,,
2025-05-24,"Northbridge Software, Inc.",Bill,BILL-5104,Office Depot,,6600,Office Supplies,61.57,0.0,,
2025-05-25,"Northbridge Software, Inc.",Bill,BILL-5099,GitHub,,6410,Computer & Internet Expense,458.74,0.0,,
2025-05-25,"Northbridge Software, Inc.",Bill,BILL-5106,Office Depot,,6600,Office Supplies,51.09,0.0,,
2025-05-25,"Northbridge Software, Inc.",Journal,COMM-5229,Various Reps,Commission accrual,2400,Accrued Expenses,0.0,13518.87,,
2025-05-25,"Northbridge Software, Inc.",Journal,COMM-5229,Various Reps,Commission accrual,6200,Sales Commissions,13518.87,0.0,,
2025-05-25,"Northbridge Software, Inc.",Bill,BILL-5106,Office Depot,,2000,Accounts Payable,0.0,51.09,,
2025-05-25,"Northbridge Software, Inc.",Bill,BILL-5099,GitHub,,2000,Accounts Payable,0.0,458.74,,
2025-05-28,"Northbridge Software, Inc.",Journal,PR-5029,ADP Payroll,Payroll taxes & benefits,6100,Payroll Taxes & Benefits,113338.98,0.0,,
2025-05-28,"Northbridge Software, Inc.",Bill,BILL-5108,United Airlines,,2000,Accounts Payable,0.0,941.77,,
2025-05-28,"Northbridge Software, Inc.",Journal,PR-5029,ADP Payroll,Customer Support payroll,5010,Customer Support Payroll (COGS),39308.34,0.0,,
2025-05-28,"Northbridge Software, Inc.",Bill,BILL-5095,Travelers Insurance,,6900,Misc Expense,2203.29,0.0,,
2025-05-28,"Northbridge Software, Inc.",Journal,PR-5029,ADP Payroll,Sales & Marketing payroll,6010,Salaries & Wages - Sales & Marketing,103875.0,0.0,,
2025-05-28,"Northbridge Software, Inc.",Journal,PR-5029,ADP Payroll,G&A payroll,6020,Salaries & Wages - G&A,72116.68,0.0,,
2025-05-28,"Northbridge Software, Inc.",Journal,DEP-4,,Monthly depreciation,1510,Accumulated Depreciation,0.0,1791.72,,
2025-05-28,"Northbridge Software, Inc.",Journal,PR-5029,ADP Payroll,Payroll clearing to bank,1000,Chase Business Checking,0.0,515964.02,,
2025-05-28,"Northbridge Software, Inc.",Journal,DEP-4,,Monthly depreciation,7000,Depreciation Expense,1791.72,0.0,,
2025-05-28,"Northbridge Software, Inc.",Bill,BILL-5108,United Airlines,,6500,Travel & Entertainment,941.77,0.0,,
2025-05-28,"Northbridge Software, Inc.",Journal,PR-5029,ADP Payroll,Engineering payroll,6000,Salaries & Wages - Engineering,187325.02,0.0,,
2025-05-28,"Northbridge Software, Inc.",Bill,BILL-5095,Travelers Insurance,,2000,Accounts Payable,0.0,2203.29,,
2025-05-30,"Northbridge Software, Inc.",Transfer,SWEEP-5009,Stripe,Stripe payout swept to bank,1000,Chase Business Checking,383644.59,0.0,,
2025-05-30,"Northbridge Software, Inc.",Invoice,INV-5009,Various Customers,Monthly subscription revenue (per Stripe summary),1200,Accounts Receivable,439385.71,0.0,,Manual re-entry
2025-05-30,"Northbridge Software, Inc.",Invoice,INV-5009,Various Customers,Monthly subscription revenue (per Stripe summary),4000,Subscription Revenue,0.0,439385.71,,Manual re-entry
2025-05-30,"Northbridge Software, Inc.",Bill,BILL-5097,Staples,,2000,Accounts Payable,0.0,75.89,,
2025-05-30,"Northbridge Software, Inc.",Payment,PMT-5009,Stripe Collections,Customer payments collected,1200,Accounts Receivable,0.0,395102.56,,
2025-05-30,"Northbridge Software, Inc.",Payment,PMT-5009,Stripe Collections,Customer payments collected,1010,Stripe Clearing,395102.56,0.0,,
2025-05-30,"Northbridge Software, Inc.",Journal,JE-5009,Stripe,Payment processing fees,1010,Stripe Clearing,0.0,11457.97,,
2025-05-30,"Northbridge Software, Inc.",Transfer,SWEEP-5009,Stripe,Stripe payout swept to bank,1010,Stripe Clearing,0.0,383644.59,,
2025-05-30,"Northbridge Software, Inc.",Bill,BILL-5097,Staples,,6600,Office Supplies,75.89,0.0,,
2025-05-30,"Northbridge Software, Inc.",Journal,JE-5009,Stripe,Payment processing fees,5020,Payment Processing Fees (COGS),11457.97,0.0,,
2025-06-03,"Northbridge Software, Inc.",Bill,BILL-5126,Baymark CPAs,,6800,Professional Fees,5931.25,0.0,,
2025-06-03,"Northbridge Software, Inc.",Bill,BILL-5126,Baymark CPAs,,2000,Accounts Payable,0.0,5931.25,,
2025-06-04,"Northbridge Software, Inc.",Bill,BILL-5124,Figma Inc,,2000,Accounts Payable,0.0,1108.18,,
2025-06-04,"Northbridge Software, Inc.",Bill,BILL-5115,Austin Commercial Properties LLC,,2000,Accounts Payable,0.0,14383.99,,
2025-06-04,"Northbridge Software, Inc.",Bill,BILL-5124,Figma Inc,,6410,Computer & Internet Expense,1108.18,0.0,,
2025-06-04,"Northbridge Software, Inc.",Bill,BILL-5115,Austin Commercial Properties LLC,,6700,Rent Expense,14383.99,0.0,,
2025-06-06,"Northbridge Software, Inc.",Bill,BILL-5119,Travelers Insurance,,2000,Accounts Payable,0.0,2192.6,,
2025-06-06,"Northbridge Software, Inc.",Bill,BILL-5119,Travelers Insurance,,6900,Misc Expense,2192.6,0.0,,
2025-06-09,"Northbridge Software, Inc.",Bill,BILL-5122,Travelers Insurance,,2000,Accounts Payable,0.0,2166.64,,
2025-06-09,"Northbridge Software, Inc.",Bill,BILL-5122,Travelers Insurance,,6900,Misc Expense,2166.64,0.0,,
2025-06-12,"Northbridge Software, Inc.",Bill,BILL-5129,Baymark CPAs,,2000,Accounts Payable,0.0,3291.07,,
2025-06-12,"Northbridge Software, Inc.",Bill,BILL-5129,Baymark CPAs,,6800,Professional Fees,3291.07,0.0,,
2025-06-13,"Northbridge Software, Inc.",Transfer,SWEEP-5011,Stripe,Stripe payout swept to bank,1010,Stripe Clearing,0.0,425637.38,,
2025-06-13,"Northbridge Software, Inc.",Payment,PMT-5011,Stripe Collections,Customer payments collected,1200,Accounts Receivable,0.0,438349.52,,
2025-06-13,"Northbridge Software, Inc.",Journal,JE-5011,Stripe,Payment processing fees,5020,Payment Processing Fees (COGS),12712.14,0.0,,
2025-06-13,"Northbridge Software, Inc.",Journal,JE-5011,Stripe,Payment processing fees,1010,Stripe Clearing,0.0,12712.14,,
2025-06-13,"Northbridge Software, Inc.",Payment,PMT-5011,Stripe Collections,Customer payments collected,1010,Stripe Clearing,438349.52,0.0,,
2025-06-13,"Northbridge Software, Inc.",Invoice,INV-5011,Various Customers,Monthly subscription revenue (per Stripe summary),1200,Accounts Receivable,486462.63,0.0,,Manual re-entry
2025-06-13,"Northbridge Software, Inc.",Invoice,INV-5011,Various Customers,Monthly subscription revenue (per Stripe summary),4000,Subscription Revenue,0.0,486462.63,,Manual re-entry
2025-06-13,"Northbridge Software, Inc.",Transfer,SWEEP-5011,Stripe,Stripe payout swept to bank,1000,Chase Business Checking,425637.38,0.0,,
2025-06-16,"Northbridge Software, Inc.",Bill,BILL-5113,Staples,,6600,Office Supplies,305.3,0.0,,
2025-06-16,"Northbridge Software, Inc.",Bill,BILL-5113,Staples,,2000,Accounts Payable,0.0,305.3,,
2025-06-18,"Northbridge Software, Inc.",Bill,BILL-5123,Google Workspace,,2000,Accounts Payable,0.0,43.74,,
2025-06-18,"Northbridge Software, Inc.",Journal,COMM-5230,Various Reps,Commission accrual,6200,Sales Commissions,9173.54,0.0,,
2025-06-18,"Northbridge Software, Inc.",Bill,BILL-5123,Google Workspace,,6410,Computer & Internet Expense,43.74,0.0,,
2025-06-18,"Northbridge Software, Inc.",Journal,COMM-5230,Various Reps,Commission accrual,2400,Accrued Expenses,0.0,9173.54,,
2025-06-21,"Northbridge Software, Inc.",Bill,BILL-5117,LinkedIn,,6410,Computer & Internet Expense,2324.52,0.0,,
2025-06-21,"Northbridge Software, Inc.",Bill,BILL-5117,LinkedIn,,2000,Accounts Payable,0.0,2324.52,,
2025-06-23,"Northbridge Software, Inc.",Journal,JE-MANUAL-5-22,Priya Natarajan,reclass - ask Priya,1400,Prepaid Expenses,7897.06,0.0,,"Manual, no attachment"
2025-06-23,"Northbridge Software, Inc.",Bill,BILL-5114,Marriott Hotels,,6500,Travel & Entertainment,145.32,0.0,,
2025-06-23,"Northbridge Software, Inc.",Bill,BILL-5116,Google Workspace,,2000,Accounts Payable,0.0,271.93,,
2025-06-23,"Northbridge Software, Inc.",Bill,BILL-5012,AWS,Hosting,2000,Accounts Payable,0.0,42944.84,,
2025-06-23,"Northbridge Software, Inc.",Bill,BILL-5127,Amazon Web Services,,6400,Dues & Subscriptions,1160.74,0.0,,
2025-06-23,"Northbridge Software, Inc.",Bill,BILL-5116,Google Workspace,,6400,Dues & Subscriptions,271.93,0.0,,
2025-06-23,"Northbridge Software, Inc.",Bill,BILL-5114,Marriott Hotels,,2000,Accounts Payable,0.0,145.32,,
2025-06-23,"Northbridge Software, Inc.",Journal,JE-MANUAL-5-22,Priya Natarajan,reclass - ask Priya,1200,Accounts Receivable,0.0,7897.06,,"Manual, no attachment"
2025-06-23,"Northbridge Software, Inc.",Bill,BILL-5127,Amazon Web Services,,2000,Accounts Payable,0.0,1160.74,,
2025-06-25,"Northbridge Software, Inc.",Journal,IC-6,Northbridge Collective,Intercompany interest,8000,Interest Expense,6497.28,0.0,,
2025-06-25,"Northbridge Software, Inc.",Journal,IC-6,Northbridge Collective,Intercompany interest,2500,Intercompany - Due to Northbridge Collective,0.0,6497.28,,
2025-06-27,"Northbridge Software, Inc.",Bill,BILL-5012,AWS,Hosting,5000,Hosting & Infrastructure (COGS),42944.84,0.0,,
2025-06-28,"Northbridge Software, Inc.",Journal,PR-5030,ADP Payroll,G&A payroll,6020,Salaries & Wages - G&A,72116.68,0.0,,
2025-06-28,"Northbridge Software, Inc.",Journal,PR-5030,ADP Payroll,Payroll clearing to bank,1000,Chase Business Checking,0.0,523823.88,,
2025-06-28,"Northbridge Software, Inc.",Bill,BILL-5118,Southwest Airlines,,6500,Travel & Entertainment,1058.38,0.0,,
2025-06-28,"Northbridge Software, Inc.",Journal,PR-5030,ADP Payroll,Payroll taxes & benefits,6100,Payroll Taxes & Benefits,115065.5,0.0,,
2025-06-28,"Northbridge Software, Inc.",Journal,PR-5030,ADP Payroll,Engineering payroll,6000,Salaries & Wages - Engineering,187325.02,0.0,,
2025-06-28,"Northbridge Software, Inc.",Journal,DEP-5,,Monthly depreciation,1510,Accumulated Depreciation,0.0,1784.3,,
2025-06-28,"Northbridge Software, Inc.",Bill,BILL-5118,Southwest Airlines,,2000,Accounts Payable,0.0,1058.38,,
2025-06-28,"Northbridge Software, Inc.",Journal,DEP-5,,Monthly depreciation,7000,Depreciation Expense,1784.3,0.0,,
2025-06-28,"Northbridge Software, Inc.",Journal,PR-5030,ADP Payroll,Sales & Marketing payroll,6010,Salaries & Wages - Sales & Marketing,103875.0,0.0,,
2025-06-28,"Northbridge Software, Inc.",Journal,PR-5030,ADP Payroll,Customer Support payroll,5010,Customer Support Payroll (COGS),45441.68,0.0,,
2025-06-29,"Northbridge Software, Inc.",Bill,BILL-5121,Zoom,,6410,Computer & Internet Expense,54.51,0.0,,
2025-06-29,"Northbridge Software, Inc.",Bill,BILL-5121,Zoom,,2000,Accounts Payable,0.0,54.51,,
2025-06-29,"Northbridge Software, Inc.",Bill,BILL-5125,Austin Commercial Properties LLC,,6700,Rent Expense,14080.84,0.0,,
2025-06-29,"Northbridge Software, Inc.",Bill,BILL-5125,Austin Commercial Properties LLC,,2000,Accounts Payable,0.0,14080.84,,
2025-06-30,"Northbridge Software, Inc.",Bill,BILL-5120,Staples,,6600,Office Supplies,72.74,0.0,,
2025-06-30,"Northbridge Software, Inc.",Bill,BILL-5128,AWS,,2000,Accounts Payable,0.0,2109.57,,
2025-06-30,"Northbridge Software, Inc.",Bill,BILL-5120,Staples,,2000,Accounts Payable,0.0,72.74,,
2025-06-30,"Northbridge Software, Inc.",Bill,BILL-5128,AWS,,6410,Computer & Internet Expense,2109.57,0.0,,
2025-07-03,"Northbridge Software, Inc.",Bill,BILL-5134,Salesforce.com,,6400,Dues & Subscriptions,51.21,0.0,,
2025-07-03,"Northbridge Software, Inc.",Bill,BILL-5134,Salesforce.com,,2000,Accounts Payable,0.0,51.21,,
2025-07-03,"Northbridge Software, Inc.",Journal,COMM-5231,Various Reps,Commission accrual,6200,Sales Commissions,7804.93,0.0,,
2025-07-03,"Northbridge Software, Inc.",Journal,COMM-5231,Various Reps,Commission accrual,2400,Accrued Expenses,0.0,7804.93,,
2025-07-06,"Northbridge Software, Inc.",Journal,JE-MANUAL-6-24,Priya Natarajan,temp - revisit,2400,Accrued Expenses,3824.57,0.0,,"Manual, no attachment"
2025-07-06,"Northbridge Software, Inc.",Bill,BILL-5140,Figma,,2000,Accounts Payable,0.0,2412.55,,
2025-07-06,"Northbridge Software, Inc.",Journal,JE-MANUAL-6-24,Priya Natarajan,temp - revisit,2400,Accrued Expenses,0.0,3824.57,,"Manual, no attachment"
2025-07-06,"Northbridge Software, Inc.",Bill,BILL-5140,Figma,,6410,Computer & Internet Expense,2412.55,0.0,,
2025-07-09,"Northbridge Software, Inc.",Bill,BILL-5144,Notion Labs,,2000,Accounts Payable,0.0,279.26,,
2025-07-09,"Northbridge Software, Inc.",Bill,BILL-5144,Notion Labs,,6410,Computer & Internet Expense,279.26,0.0,,
2025-07-10,"Northbridge Software, Inc.",Journal,JE-MANUAL-6-26,Priya Natarajan,per auditor request (2024),2400,Accrued Expenses,0.0,3910.8,,"Manual, no attachment"
2025-07-10,"Northbridge Software, Inc.",Journal,JE-MANUAL-6-26,Priya Natarajan,per auditor request (2024),1400,Prepaid Expenses,3910.8,0.0,,"Manual, no attachment"
2025-07-11,"Northbridge Software, Inc.",Bill,BILL-5143,Austin Commercial Properties LLC,,6700,Rent Expense,14443.56,0.0,,
2025-07-11,"Northbridge Software, Inc.",Bill,BILL-5132,Office Depot,,6600,Office Supplies,235.45,0.0,,
2025-07-11,"Northbridge Software, Inc.",Bill,BILL-5132,Office Depot,,2000,Accounts Payable,0.0,235.45,,
2025-07-11,"Northbridge Software, Inc.",Bill,BILL-5143,Austin Commercial Properties LLC,,2000,Accounts Payable,0.0,14443.56,,
2025-07-12,"Northbridge Software, Inc.",Bill,BILL-5139,DataDog Inc,,2000,Accounts Payable,0.0,42.54,,
2025-07-12,"Northbridge Software, Inc.",Bill,BILL-5137,Slack Technologies,,6400,Dues & Subscriptions,101.16,0.0,,
2025-07-12,"Northbridge Software, Inc.",Bill,BILL-5139,DataDog Inc,,6410,Computer & Internet Expense,42.54,0.0,,
2025-07-12,"Northbridge Software, Inc.",Bill,BILL-5137,Slack Technologies,,2000,Accounts Payable,0.0,101.16,,
2025-07-13,"Northbridge Software, Inc.",Bill,BILL-5136,Baymark CPAs,,6800,Professional Fees,2891.91,0.0,,
2025-07-13,"Northbridge Software, Inc.",Bill,BILL-5138,Baymark CPAs,,2000,Accounts Payable,0.0,2778.29,,
2025-07-13,"Northbridge Software, Inc.",Bill,BILL-5138,Baymark CPAs,,6800,Professional Fees,2778.29,0.0,,
2025-07-13,"Northbridge Software, Inc.",Bill,BILL-5136,Baymark CPAs,,2000,Accounts Payable,0.0,2891.91,,
2025-07-15,"Northbridge Software, Inc.",Bill,BILL-5141,Zoom,,2000,Accounts Payable,0.0,1364.04,,
2025-07-15,"Northbridge Software, Inc.",Bill,BILL-5141,Zoom,,6410,Computer & Internet Expense,1364.04,0.0,,
2025-07-19,"Northbridge Software, Inc.",Bill,BILL-5014,Amazon Web Services,Hosting,5000,Hosting & Infrastructure (COGS),34996.84,0.0,,
2025-07-20,"Northbridge Software, Inc.",Journal,JE-MANUAL-6-28,Jenna Ruiz,per Sarah,6901,Misc Expense 2,6515.66,0.0,,"Manual, no attachment"
2025-07-20,"Northbridge Software, Inc.",Journal,JE-MANUAL-6-28,Jenna Ruiz,per Sarah,3900,Retained Earnings,0.0,6515.66,,"Manual, no attachment"
2025-07-22,"Northbridge Software, Inc.",Bill,BILL-5135,United Airlines,,6500,Travel & Entertainment,780.02,0.0,,
2025-07-22,"Northbridge Software, Inc.",Bill,BILL-5135,United Airlines,,2000,Accounts Payable,0.0,780.02,,
2025-07-23,"Northbridge Software, Inc.",Bill,BILL-5014,Amazon Web Services,Hosting,2000,Accounts Payable,0.0,34996.84,,
2025-07-24,"Northbridge Software, Inc.",Bill,BILL-5145,Salesforce,,2000,Accounts Payable,0.0,1116.87,,
2025-07-24,"Northbridge Software, Inc.",Bill,BILL-5130,Staples,,2000,Accounts Payable,0.0,113.89,,
2025-07-24,"Northbridge Software, Inc.",Bill,BILL-5133,Sterling & Voss LLP (Legal),,2000,Accounts Payable,0.0,4482.14,,
2025-07-24,"Northbridge Software, Inc.",Bill,BILL-5130,Staples,,6600,Office Supplies,113.89,0.0,,
2025-07-24,"Northbridge Software, Inc.",Bill,BILL-5133,Sterling & Voss LLP (Legal),,6800,Professional Fees,4482.14,0.0,,
2025-07-24,"Northbridge Software, Inc.",Bill,BILL-5145,Salesforce,,6400,Dues & Subscriptions,1116.87,0.0,,
2025-07-25,"Northbridge Software, Inc.",Bill,BILL-5142,Figma Inc,,2000,Accounts Payable,0.0,2596.93,,
2025-07-25,"Northbridge Software, Inc.",Bill,BILL-5142,Figma Inc,,6400,Dues & Subscriptions,2596.93,0.0,,
2025-07-26,"Northbridge Software, Inc.",Invoice,INV-5013,Various Customers,Monthly subscription revenue (per Stripe summary),1200,Accounts Receivable,482763.19,0.0,,Manual re-entry
2025-07-26,"Northbridge Software, Inc.",Transfer,SWEEP-5013,Stripe,Stripe payout swept to bank,1000,Chase Business Checking,421775.1,0.0,,
2025-07-26,"Northbridge Software, Inc.",Payment,PMT-5013,Stripe Collections,Customer payments collected,1200,Accounts Receivable,0.0,434371.88,,
2025-07-26,"Northbridge Software, Inc.",Journal,JE-5013,Stripe,Payment processing fees,1010,Stripe Clearing,0.0,12596.78,,
2025-07-26,"Northbridge Software, Inc.",Journal,JE-5013,Stripe,Payment processing fees,5020,Payment Processing Fees (COGS),12596.78,0.0,,
2025-07-26,"Northbridge Software, Inc.",Payment,PMT-5013,Stripe Collections,Customer payments collected,1010,Stripe Clearing,434371.88,0.0,,
2025-07-26,"Northbridge Software, Inc.",Invoice,INV-5013,Various Customers,Monthly subscription revenue (per Stripe summary),4000,Subscription Revenue,0.0,482763.19,,Manual re-entry
2025-07-26,"Northbridge Software, Inc.",Transfer,SWEEP-5013,Stripe,Stripe payout swept to bank,1010,Stripe Clearing,0.0,421775.1,,
2025-07-28,"Northbridge Software, Inc.",Journal,PR-5031,ADP Payroll,G&A payroll,6020,Salaries & Wages - G&A,72116.68,0.0,,
2025-07-28,"Northbridge Software, Inc.",Journal,DEP-6,,Monthly depreciation,1510,Accumulated Depreciation,0.0,1820.18,,
2025-07-28,"Northbridge Software, Inc.",Journal,PR-5031,ADP Payroll,Customer Support payroll,5010,Customer Support Payroll (COGS),45441.68,0.0,,
2025-07-28,"Northbridge Software, Inc.",Journal,PR-5031,ADP Payroll,Sales & Marketing payroll,6010,Salaries & Wages - Sales & Marketing,103875.0,0.0,,
2025-07-28,"Northbridge Software, Inc.",Journal,PR-5031,ADP Payroll,Payroll taxes & benefits,6100,Payroll Taxes & Benefits,118236.19,0.0,,
2025-07-28,"Northbridge Software, Inc.",Journal,PR-5031,ADP Payroll,Engineering payroll,6000,Salaries & Wages - Engineering,198588.55,0.0,,
2025-07-28,"Northbridge Software, Inc.",Journal,PR-5031,ADP Payroll,Payroll clearing to bank,1000,Chase Business Checking,0.0,538258.1,,
2025-07-28,"Northbridge Software, Inc.",Journal,DEP-6,,Monthly depreciation,7000,Depreciation Expense,1820.18,0.0,,
2025-07-30,"Northbridge Software, Inc.",Bill,BILL-5131,Zoom Video Communications,,2000,Accounts Payable,0.0,229.24,,
2025-07-30,"Northbridge Software, Inc.",Bill,BILL-5131,Zoom Video Communications,,6410,Computer & Internet Expense,229.24,0.0,,
2025-08-01,"Northbridge Software, Inc.",Bill,BILL-5159,Baymark CPAs,,2000,Accounts Payable,0.0,5918.1,,
2025-08-01,"Northbridge Software, Inc.",Bill,BILL-5159,Baymark CPAs,,6800,Professional Fees,5918.1,0.0,,
2025-08-02,"Northbridge Software, Inc.",Bill,BILL-5158,United Airlines,,2000,Accounts Payable,0.0,443.09,,
2025-08-02,"Northbridge Software, Inc.",Bill,BILL-5158,United Airlines,,6500,Travel & Entertainment,443.09,0.0,,
2025-08-03,"Northbridge Software, Inc.",Bill,BILL-5148,Sterling & Voss LLP (Legal),,6800,Professional Fees,2888.85,0.0,,
2025-08-03,"Northbridge Software, Inc.",Bill,BILL-5156,Travelers Insurance,,6900,Misc Expense,2101.31,0.0,,
2025-08-03,"Northbridge Software, Inc.",Bill,BILL-5163,Austin Commercial Properties LLC,,2000,Accounts Payable,0.0,14083.15,,
2025-08-03,"Northbridge Software, Inc.",Bill,BILL-5156,Travelers Insurance,,2000,Accounts Payable,0.0,2101.31,,
2025-08-03,"Northbridge Software, Inc.",Bill,BILL-5149,Salesforce,,2000,Accounts Payable,0.0,1294.02,,
2025-08-03,"Northbridge Software, Inc.",Bill,BILL-5149,Salesforce,,6410,Computer & Internet Expense,1294.02,0.0,,
2025-08-03,"Northbridge Software, Inc.",Bill,BILL-5148,Sterling & Voss LLP (Legal),,2000,Accounts Payable,0.0,2888.85,,
2025-08-03,"Northbridge Software, Inc.",Bill,BILL-5163,Austin Commercial Properties LLC,,6700,Rent Expense,14083.15,0.0,,
2025-08-04,"Northbridge Software, Inc.",Bill,BILL-5155,Figma,,2000,Accounts Payable,0.0,459.84,,
2025-08-04,"Northbridge Software, Inc.",Bill,BILL-5155,Figma,,6400,Dues & Subscriptions,459.84,0.0,,
2025-08-05,"Northbridge Software, Inc.",Bill,BILL-5151,Austin Commercial Properties LLC,,6700,Rent Expense,14064.44,0.0,,
2025-08-05,"Northbridge Software, Inc.",Invoice,INV-5015,Various Customers,Monthly subscription revenue (per Stripe summary),1200,Accounts Receivable,514517.2,0.0,,Manual re-entry
2025-08-05,"Northbridge Software, Inc.",Journal,JE-5015,Stripe,Payment processing fees,5020,Payment Processing Fees (COGS),13167.82,0.0,,
2025-08-05,"Northbridge Software, Inc.",Invoice,INV-5015,Various Customers,Monthly subscription revenue (per Stripe summary),4000,Subscription Revenue,0.0,514517.2,,Manual re-entry
2025-08-05,"Northbridge Software, Inc.",Payment,PMT-5015,Stripe Collections,Customer payments collected,1200,Accounts Receivable,0.0,454062.83,,
2025-08-05,"Northbridge Software, Inc.",Transfer,SWEEP-5015,Stripe,Stripe payout swept to bank,1010,Stripe Clearing,0.0,440895.01,,
2025-08-05,"Northbridge Software, Inc.",Transfer,SWEEP-5015,Stripe,Stripe payout swept to bank,1000,Chase Business Checking,440895.01,0.0,,
2025-08-05,"Northbridge Software, Inc.",Bill,BILL-5151,Austin Commercial Properties LLC,,2000,Accounts Payable,0.0,14064.44,,
2025-08-05,"Northbridge Software, Inc.",Payment,PMT-5015,Stripe Collections,Customer payments collected,1010,Stripe Clearing,454062.83,0.0,,
2025-08-05,"Northbridge Software, Inc.",Journal,JE-5015,Stripe,Payment processing fees,1010,Stripe Clearing,0.0,13167.82,,
2025-08-07,"Northbridge Software, Inc.",Bill,BILL-5153,Zoom Video Communications,,6400,Dues & Subscriptions,244.87,0.0,,
2025-08-07,"Northbridge Software, Inc.",Bill,BILL-5153,Zoom Video Communications,,2000,Accounts Payable,0.0,244.87,,
2025-08-07,"Northbridge Software, Inc.",Bill,BILL-5157,Uber Technologies,,2000,Accounts Payable,0.0,179.36,,
2025-08-07,"Northbridge Software, Inc.",Bill,BILL-5157,Uber Technologies,,6500,Travel & Entertainment,179.36,0.0,,
2025-08-08,"Northbridge Software, Inc.",Bill,BILL-5016,Amazon Web Services,Hosting,2000,Accounts Payable,0.0,53305.49,,
2025-08-12,"Northbridge Software, Inc.",Journal,JE-MANUAL-7-30,Priya Natarajan,YE adj,2400,Accrued Expenses,3719.09,0.0,,"Manual, no attachment"
2025-08-12,"Northbridge Software, Inc.",Journal,JE-MANUAL-7-30,Priya Natarajan,YE adj,6901,Misc Expense 2,0.0,3719.09,,"Manual, no attachment"
2025-08-14,"Northbridge Software, Inc.",Bill,BILL-5162,Austin Commercial Properties LLC,,6700,Rent Expense,14000.07,0.0,,
2025-08-14,"Northbridge Software, Inc.",Bill,BILL-5161,Travelers Insurance,,2000,Accounts Payable,0.0,2045.65,,
2025-08-14,"Northbridge Software, Inc.",Bill,BILL-5161,Travelers Insurance,,6900,Misc Expense,2045.65,0.0,,
2025-08-14,"Northbridge Software, Inc.",Bill,BILL-5162,Austin Commercial Properties LLC,,2000,Accounts Payable,0.0,14000.07,,
2025-08-15,"Northbridge Software, Inc.",Bill,BILL-5147,Travelers Insurance,,6900,Misc Expense,2073.03,0.0,,
2025-08-15,"Northbridge Software, Inc.",Bill,BILL-5147,Travelers Insurance,,2000,Accounts Payable,0.0,2073.03,,
2025-08-19,"Northbridge Software, Inc.",Bill,BILL-5160,Uber,,2000,Accounts Payable,0.0,333.43,,
2025-08-19,"Northbridge Software, Inc.",Bill,BILL-5160,Uber,,6500,Travel & Entertainment,333.43,0.0,,
2025-08-20,"Northbridge Software, Inc.",Bill,BILL-5152,Travelers Insurance,,6900,Misc Expense,2001.61,0.0,,
2025-08-20,"Northbridge Software, Inc.",Bill,BILL-5152,Travelers Insurance,,2000,Accounts Payable,0.0,2001.61,,
2025-08-24,"Northbridge Software, Inc.",Bill,BILL-5016,Amazon Web Services,Hosting,5000,Hosting & Infrastructure (COGS),53305.49,0.0,,
2025-08-26,"Northbridge Software, Inc.",Bill,BILL-5150,Atlassian,,2000,Accounts Payable,0.0,222.69,,
2025-08-26,"Northbridge Software, Inc.",Bill,BILL-5150,Atlassian,,6400,Dues & Subscriptions,222.69,0.0,,
2025-08-27,"Northbridge Software, Inc.",Journal,COMM-5232,Various Reps,Commission accrual,6200,Sales Commissions,9624.16,0.0,,
2025-08-27,"Northbridge Software, Inc.",Journal,COMM-5232,Various Reps,Commission accrual,2400,Accrued Expenses,0.0,9624.16,,
2025-08-28,"Northbridge Software, Inc.",Journal,DEP-7,,Monthly depreciation,7000,Depreciation Expense,1892.53,0.0,,
2025-08-28,"Northbridge Software, Inc.",Journal,DEP-7,,Monthly depreciation,1510,Accumulated Depreciation,0.0,1892.53,,
2025-08-28,"Northbridge Software, Inc.",Journal,PR-5032,ADP Payroll,Payroll taxes & benefits,6100,Payroll Taxes & Benefits,117956.92,0.0,,
2025-08-28,"Northbridge Software, Inc.",Journal,PR-5032,ADP Payroll,Engineering payroll,6000,Salaries & Wages - Engineering,196950.02,0.0,,
2025-08-28,"Northbridge Software, Inc.",Journal,PR-5032,ADP Payroll,G&A payroll,6020,Salaries & Wages - G&A,72116.68,0.0,,
2025-08-28,"Northbridge Software, Inc.",Journal,PR-5032,ADP Payroll,Customer Support payroll,5010,Customer Support Payroll (COGS),46088.18,0.0,,
2025-08-28,"Northbridge Software, Inc.",Journal,PR-5032,ADP Payroll,Sales & Marketing payroll,6010,Salaries & Wages - Sales & Marketing,103875.0,0.0,,
2025-08-28,"Northbridge Software, Inc.",Journal,PR-5032,ADP Payroll,Payroll clearing to bank,1000,Chase Business Checking,0.0,536986.8,,
2025-08-29,"Northbridge Software, Inc.",Journal,JE-MANUAL-7-32,Priya Natarajan,adj per bank rec,6900,Misc Expense,8298.87,0.0,,"Manual, no attachment"
2025-08-29,"Northbridge Software, Inc.",Bill,BILL-5154,Delta Air Lines,,6500,Travel & Entertainment,192.63,0.0,,
2025-08-29,"Northbridge Software, Inc.",Bill,BILL-5154,Delta Air Lines,,2000,Accounts Payable,0.0,192.63,,
2025-08-29,"Northbridge Software, Inc.",Journal,JE-MANUAL-7-32,Priya Natarajan,adj per bank rec,1200,Accounts Receivable,0.0,8298.87,,"Manual, no attachment"
2025-08-30,"Northbridge Software, Inc.",Bill,BILL-5146,Delta Air Lines,,2000,Accounts Payable,0.0,609.09,,
2025-08-30,"Northbridge Software, Inc.",Bill,BILL-5146,Delta Air Lines,,6500,Travel & Entertainment,609.09,0.0,,
2025-09-01,"Northbridge Software, Inc.",Bill,BILL-5169,Unknown / no receipt,,2000,Accounts Payable,0.0,130.21,,
2025-09-01,"Northbridge Software, Inc.",Bill,BILL-5018,AWS,Hosting,5000,Hosting & Infrastructure (COGS),43459.56,0.0,,
2025-09-01,"Northbridge Software, Inc.",Bill,BILL-5169,Unknown / no receipt,,6900,Misc Expense,130.21,0.0,,
2025-09-02,"Northbridge Software, Inc.",Bill,BILL-5170,Outreach.io,,2000,Accounts Payable,0.0,5955.83,,
2025-09-02,"Northbridge Software, Inc.",Bill,BILL-5170,Outreach.io,,6300,Marketing & Advertising,5955.83,0.0,,
2025-09-02,"Northbridge Software, Inc.",Journal,JE-MANUAL-8-34,Jenna Ruiz,TO ADJUST,3900,Retained Earnings,0.0,526.91,,"Manual, no attachment"
2025-09-02,"Northbridge Software, Inc.",Journal,JE-MANUAL-8-34,Jenna Ruiz,TO ADJUST,2400,Accrued Expenses,526.91,0.0,,"Manual, no attachment"
2025-09-03,"Northbridge Software, Inc.",Bill,BILL-5180,LinkedIn Corp,,6400,Dues & Subscriptions,112.55,0.0,,
2025-09-03,"Northbridge Software, Inc.",Bill,BILL-5180,LinkedIn Corp,,2000,Accounts Payable,0.0,112.55,,
2025-09-06,"Northbridge Software, Inc.",Bill,BILL-5166,Baymark CPAs,,2000,Accounts Payable,0.0,8340.57,,
2025-09-06,"Northbridge Software, Inc.",Bill,BILL-5166,Baymark CPAs,,6800,Professional Fees,8340.57,0.0,,
2025-09-08,"Northbridge Software, Inc.",Bill,BILL-5018,AWS,Hosting,2000,Accounts Payable,0.0,43459.56,,
2025-09-10,"Northbridge Software, Inc.",Bill,BILL-5173,AWS,,2000,Accounts Payable,0.0,1340.93,,
2025-09-10,"Northbridge Software, Inc.",Bill,BILL-5173,AWS,,6410,Computer & Internet Expense,1340.93,0.0,,
2025-09-12,"Northbridge Software, Inc.",Bill,BILL-5165,HubSpot,,2000,Accounts Payable,0.0,7069.27,,
2025-09-12,"Northbridge Software, Inc.",Bill,BILL-5165,HubSpot,,6300,Marketing & Advertising,7069.27,0.0,,
2025-09-13,"Northbridge Software, Inc.",Bill,BILL-5176,Austin Commercial Properties LLC,,6700,Rent Expense,14141.38,0.0,,
2025-09-13,"Northbridge Software, Inc.",Bill,BILL-5176,Austin Commercial Properties LLC,,2000,Accounts Payable,0.0,14141.38,,
2025-09-18,"Northbridge Software, Inc.",Bill,BILL-5164,Amazon Web Services,,2000,Accounts Payable,0.0,446.15,,
2025-09-18,"Northbridge Software, Inc.",Bill,BILL-5177,Uber,,6500,Travel & Entertainment,510.74,0.0,,
2025-09-18,"Northbridge Software, Inc.",Bill,BILL-5164,Amazon Web Services,,6410,Computer & Internet Expense,446.15,0.0,,
2025-09-18,"Northbridge Software, Inc.",Bill,BILL-5177,Uber,,2000,Accounts Payable,0.0,510.74,,
2025-09-19,"Northbridge Software, Inc.",Journal,COMM-5233,Various Reps,Commission accrual,2400,Accrued Expenses,0.0,9787.68,,
2025-09-19,"Northbridge Software, Inc.",Journal,COMM-5233,Various Reps,Commission accrual,6200,Sales Commissions,9787.68,0.0,,
2025-09-21,"Northbridge Software, Inc.",Bill,BILL-5175,AWS,,6400,Dues & Subscriptions,2320.36,0.0,,
2025-09-21,"Northbridge Software, Inc.",Bill,BILL-5179,Austin Commercial Properties LLC,,2000,Accounts Payable,0.0,14434.55,,
2025-09-21,"Northbridge Software, Inc.",Bill,BILL-5174,Travelers Insurance,,2000,Accounts Payable,0.0,2144.51,,
2025-09-21,"Northbridge Software, Inc.",Bill,BILL-5174,Travelers Insurance,,6900,Misc Expense,2144.51,0.0,,
2025-09-21,"Northbridge Software, Inc.",Bill,BILL-5179,Austin Commercial Properties LLC,,6700,Rent Expense,14434.55,0.0,,
2025-09-21,"Northbridge Software, Inc.",Bill,BILL-5175,AWS,,2000,Accounts Payable,0.0,2320.36,,
2025-09-21,"Northbridge Software, Inc.",Bill,BILL-5178,Salesforce.com,,2000,Accounts Payable,0.0,92.87,,
2025-09-21,"Northbridge Software, Inc.",Bill,BILL-5178,Salesforce.com,,6400,Dues & Subscriptions,92.87,0.0,,
2025-09-23,"Northbridge Software, Inc.",Payment,PMT-5017,Stripe Collections,Customer payments collected,1010,Stripe Clearing,455178.86,0.0,,
2025-09-23,"Northbridge Software, Inc.",Transfer,SWEEP-5017,Stripe,Stripe payout swept to bank,1010,Stripe Clearing,0.0,441978.67,,
2025-09-23,"Northbridge Software, Inc.",Invoice,INV-5017,Various Customers,Monthly subscription revenue (per Stripe summary),1200,Accounts Receivable,515318.99,0.0,,Manual re-entry
2025-09-23,"Northbridge Software, Inc.",Transfer,SWEEP-5017,Stripe,Stripe payout swept to bank,1000,Chase Business Checking,441978.67,0.0,,
2025-09-23,"Northbridge Software, Inc.",Journal,JE-5017,Stripe,Payment processing fees,5020,Payment Processing Fees (COGS),13200.19,0.0,,
2025-09-23,"Northbridge Software, Inc.",Invoice,INV-5017,Various Customers,Monthly subscription revenue (per Stripe summary),4000,Subscription Revenue,0.0,515318.99,,Manual re-entry
2025-09-23,"Northbridge Software, Inc.",Journal,JE-5017,Stripe,Payment processing fees,1010,Stripe Clearing,0.0,13200.19,,
2025-09-23,"Northbridge Software, Inc.",Payment,PMT-5017,Stripe Collections,Customer payments collected,1200,Accounts Receivable,0.0,455178.86,,
2025-09-24,"Northbridge Software, Inc.",Bill,BILL-5168,Unknown / no receipt,,2000,Accounts Payable,0.0,591.52,,
2025-09-24,"Northbridge Software, Inc.",Bill,BILL-5168,Unknown / no receipt,,6900,Misc Expense,591.52,0.0,,
2025-09-25,"Northbridge Software, Inc.",Bill,BILL-5167,Zoom,,2000,Accounts Payable,0.0,2257.17,,
2025-09-25,"Northbridge Software, Inc.",Journal,IC-9,Northbridge Collective,Intercompany interest,8000,Interest Expense,5851.23,0.0,,
2025-09-25,"Northbridge Software, Inc.",Bill,BILL-5167,Zoom,,6400,Dues & Subscriptions,2257.17,0.0,,
2025-09-25,"Northbridge Software, Inc.",Journal,IC-9,Northbridge Collective,Intercompany interest,2500,Intercompany - Due to Northbridge Collective,0.0,5851.23,,
2025-09-25,"Northbridge Software, Inc.",Bill,BILL-5171,Travelers Insurance,,2000,Accounts Payable,0.0,2119.88,,
2025-09-25,"Northbridge Software, Inc.",Bill,BILL-5171,Travelers Insurance,,6900,Misc Expense,2119.88,0.0,,
2025-09-28,"Northbridge Software, Inc.",Journal,PR-5033,ADP Payroll,Engineering payroll,6000,Salaries & Wages - Engineering,209558.36,0.0,,
2025-09-28,"Northbridge Software, Inc.",Journal,DEP-8,,Monthly depreciation,1510,Accumulated Depreciation,0.0,1897.85,,
2025-09-28,"Northbridge Software, Inc.",Journal,PR-5033,ADP Payroll,Payroll taxes & benefits,6100,Payroll Taxes & Benefits,119947.16,0.0,,
2025-09-28,"Northbridge Software, Inc.",Journal,PR-5033,ADP Payroll,Customer Support payroll,5010,Customer Support Payroll (COGS),40550.02,0.0,,
2025-09-28,"Northbridge Software, Inc.",Journal,PR-5033,ADP Payroll,Payroll clearing to bank,1000,Chase Business Checking,0.0,546047.22,,
2025-09-28,"Northbridge Software, Inc.",Journal,DEP-8,,Monthly depreciation,7000,Depreciation Expense,1897.85,0.0,,
2025-09-28,"Northbridge Software, Inc.",Journal,PR-5033,ADP Payroll,G&A payroll,6020,Salaries & Wages - G&A,72116.68,0.0,,
2025-09-28,"Northbridge Software, Inc.",Journal,PR-5033,ADP Payroll,Sales & Marketing payroll,6010,Salaries & Wages - Sales & Marketing,103875.0,0.0,,
2025-09-30,"Northbridge Software, Inc.",Bill,BILL-5172,Salesforce,,2000,Accounts Payable,0.0,436.96,,
2025-09-30,"Northbridge Software, Inc.",Bill,BILL-5172,Salesforce,,6410,Computer & Internet Expense,436.96,0.0,,
2025-10-01,"Northbridge Software, Inc.",Bill,BILL-5184,Austin Commercial Properties LLC,,2000,Accounts Payable,0.0,13965.56,,
2025-10-01,"Northbridge Software, Inc.",Bill,BILL-5184,Austin Commercial Properties LLC,,6700,Rent Expense,13965.56,0.0,,
2025-10-02,"Northbridge Software, Inc.",Journal,JE-MANUAL-9-36,Priya Natarajan,moving to correct entity,6901,Misc Expense 2,0.0,1815.72,,"Manual, no attachment"
2025-10-02,"Northbridge Software, Inc.",Journal,JE-MANUAL-9-36,Priya Natarajan,moving to correct entity,1400,Prepaid Expenses,1815.72,0.0,,"Manual, no attachment"
2025-10-06,"Northbridge Software, Inc.",Bill,BILL-5187,Google,,2000,Accounts Payable,0.0,1101.44,,
2025-10-06,"Northbridge Software, Inc.",Bill,BILL-5187,Google,,6410,Computer & Internet Expense,1101.44,0.0,,
2025-10-06,"Northbridge Software, Inc.",Bill,BILL-5188,Amazon Web Services,,2000,Accounts Payable,0.0,2340.17,,
2025-10-06,"Northbridge Software, Inc.",Bill,BILL-5188,Amazon Web Services,,6400,Dues & Subscriptions,2340.17,0.0,,
2025-10-07,"Northbridge Software, Inc.",Bill,BILL-5197,Figma Inc,,2000,Accounts Payable,0.0,471.18,,
2025-10-07,"Northbridge Software, Inc.",Bill,BILL-5197,Figma Inc,,6400,Dues & Subscriptions,471.18,0.0,,
2025-10-08,"Northbridge Software, Inc.",Bill,BILL-5020,AWS,Hosting,5000,Hosting & Infrastructure (COGS),49989.16,0.0,,
2025-10-08,"Northbridge Software, Inc.",Bill,BILL-5198,Travelers Insurance,,6900,Misc Expense,2071.68,0.0,,
2025-10-08,"Northbridge Software, Inc.",Bill,BILL-5198,Travelers Insurance,,2000,Accounts Payable,0.0,2071.68,,
2025-10-10,"Northbridge Software, Inc.",Bill,BILL-5190,Zoom Video Communications,,6410,Computer & Internet Expense,90.96,0.0,,
2025-10-10,"Northbridge Software, Inc.",Bill,BILL-5190,Zoom Video Communications,,2000,Accounts Payable,0.0,90.96,,
2025-10-14,"Northbridge Software, Inc.",Bill,BILL-5193,Uber Technologies,,6500,Travel & Entertainment,540.15,0.0,,
2025-10-14,"Northbridge Software, Inc.",Bill,BILL-5193,Uber Technologies,,2000,Accounts Payable,0.0,540.15,,
2025-10-15,"Northbridge Software, Inc.",Bill,BILL-5194,Travelers Insurance,,2000,Accounts Payable,0.0,2033.54,,
2025-10-15,"Northbridge Software, Inc.",Bill,BILL-5196,Unknown / no receipt,,2000,Accounts Payable,0.0,159.17,,
2025-10-15,"Northbridge Software, Inc.",Bill,BILL-5196,Unknown / no receipt,,6901,Misc Expense 2,159.17,0.0,,
2025-10-15,"Northbridge Software, Inc.",Bill,BILL-5194,Travelers Insurance,,6900,Misc Expense,2033.54,0.0,,
2025-10-18,"Northbridge Software, Inc.",Bill,BILL-5181,United Airlines,,6500,Travel & Entertainment,168.47,0.0,,
2025-10-18,"Northbridge Software, Inc.",Bill,BILL-5181,United Airlines,,2000,Accounts Payable,0.0,168.47,,
2025-10-20,"Northbridge Software, Inc.",Bill,BILL-5189,Zoom Video Communications,,6410,Computer & Internet Expense,1259.19,0.0,,
2025-10-20,"Northbridge Software, Inc.",Bill,BILL-5189,Zoom Video Communications,,2000,Accounts Payable,0.0,1259.19,,
2025-10-21,"Northbridge Software, Inc.",Bill,BILL-5191,Baymark CPAs,,6800,Professional Fees,5652.23,0.0,,
2025-10-21,"Northbridge Software, Inc.",Bill,BILL-5191,Baymark CPAs,,2000,Accounts Payable,0.0,5652.23,,
2025-10-21,"Northbridge Software, Inc.",Bill,BILL-5192,Staples,,2000,Accounts Payable,0.0,143.84,,
2025-10-21,"Northbridge Software, Inc.",Bill,BILL-5192,Staples,,6600,Office Supplies,143.84,0.0,,
2025-10-22,"Northbridge Software, Inc.",Journal,COMM-5234,Various Reps,Commission accrual,2400,Accrued Expenses,0.0,4516.64,,
2025-10-22,"Northbridge Software, Inc.",Journal,COMM-5234,Various Reps,Commission accrual,6200,Sales Commissions,4516.64,0.0,,
2025-10-23,"Northbridge Software, Inc.",Transfer,SWEEP-5019,Stripe,Stripe payout swept to bank,1010,Stripe Clearing,0.0,453762.48,,
2025-10-23,"Northbridge Software, Inc.",Invoice,INV-5019,Various Customers,Monthly subscription revenue (per Stripe summary),1200,Accounts Receivable,488275.97,0.0,,Manual re-entry
2025-10-23,"Northbridge Software, Inc.",Transfer,SWEEP-5019,Stripe,Stripe payout swept to bank,1000,Chase Business Checking,453762.48,0.0,,
2025-10-23,"Northbridge Software, Inc.",Invoice,INV-5019,Various Customers,Monthly subscription revenue (per Stripe summary),4000,Subscription Revenue,0.0,488275.97,,Manual re-entry
2025-10-23,"Northbridge Software, Inc.",Journal,JE-5019,Stripe,Payment processing fees,5020,Payment Processing Fees (COGS),13552.12,0.0,,
2025-10-23,"Northbridge Software, Inc.",Payment,PMT-5019,Stripe Collections,Customer payments collected,1200,Accounts Receivable,0.0,467314.6,,
2025-10-23,"Northbridge Software, Inc.",Journal,JE-5019,Stripe,Payment processing fees,1010,Stripe Clearing,0.0,13552.12,,
2025-10-23,"Northbridge Software, Inc.",Payment,PMT-5019,Stripe Collections,Customer payments collected,1010,Stripe Clearing,467314.6,0.0,,
2025-10-26,"Northbridge Software, Inc.",Bill,BILL-5185,Austin Commercial Properties LLC,,2000,Accounts Payable,0.0,14245.18,,
2025-10-26,"Northbridge Software, Inc.",Bill,BILL-5185,Austin Commercial Properties LLC,,6700,Rent Expense,14245.18,0.0,,
2025-10-27,"Northbridge Software, Inc.",Bill,BILL-5186,Unknown / no receipt,,6901,Misc Expense 2,470.91,0.0,,
2025-10-27,"Northbridge Software, Inc.",Bill,BILL-5186,Unknown / no receipt,,2000,Accounts Payable,0.0,470.91,,
2025-10-28,"Northbridge Software, Inc.",Journal,PR-5034,ADP Payroll,Payroll clearing to bank,1000,Chase Business Checking,0.0,546047.22,,
2025-10-28,"Northbridge Software, Inc.",Journal,PR-5034,ADP Payroll,Engineering payroll,6000,Salaries & Wages - Engineering,209558.36,0.0,,
2025-10-28,"Northbridge Software, Inc.",Journal,PR-5034,ADP Payroll,G&A payroll,6020,Salaries & Wages - G&A,72116.68,0.0,,
2025-10-28,"Northbridge Software, Inc.",Journal,DEP-9,,Monthly depreciation,7000,Depreciation Expense,1800.89,0.0,,
2025-10-28,"Northbridge Software, Inc.",Journal,PR-5034,ADP Payroll,Payroll taxes & benefits,6100,Payroll Taxes & Benefits,119947.16,0.0,,
2025-10-28,"Northbridge Software, Inc.",Journal,DEP-9,,Monthly depreciation,1510,Accumulated Depreciation,0.0,1800.89,,
2025-10-28,"Northbridge Software, Inc.",Journal,PR-5034,ADP Payroll,Customer Support payroll,5010,Customer Support Payroll (COGS),40550.02,0.0,,
2025-10-28,"Northbridge Software, Inc.",Journal,PR-5034,ADP Payroll,Sales & Marketing payroll,6010,Salaries & Wages - Sales & Marketing,103875.0,0.0,,
2025-10-29,"Northbridge Software, Inc.",Bill,BILL-5182,Marriott Hotels,,6500,Travel & Entertainment,213.71,0.0,,
2025-10-29,"Northbridge Software, Inc.",Bill,BILL-5182,Marriott Hotels,,2000,Accounts Payable,0.0,213.71,,
2025-10-30,"Northbridge Software, Inc.",Bill,BILL-5195,AWS,,6410,Computer & Internet Expense,2616.88,0.0,,
2025-10-30,"Northbridge Software, Inc.",Bill,BILL-5195,AWS,,2000,Accounts Payable,0.0,2616.88,,
2025-10-31,"Northbridge Software, Inc.",Journal,JE-MANUAL-9-38,Priya Natarajan,per CEO request,3900,Retained Earnings,0.0,8496.2,,"Manual, no attachment"
2025-10-31,"Northbridge Software, Inc.",Bill,BILL-5020,AWS,Hosting,2000,Accounts Payable,0.0,49989.16,,
2025-10-31,"Northbridge Software, Inc.",Bill,BILL-5183,Google,,2000,Accounts Payable,0.0,1349.98,,
2025-10-31,"Northbridge Software, Inc.",Bill,BILL-5183,Google,,6400,Dues & Subscriptions,1349.98,0.0,,
2025-10-31,"Northbridge Software, Inc.",Journal,JE-MANUAL-9-38,Priya Natarajan,per CEO request,1400,Prepaid Expenses,8496.2,0.0,,"Manual, no attachment"
2025-11-02,"Northbridge Software, Inc.",Bill,BILL-5201,Sterling & Voss LLP (Legal),,6800,Professional Fees,7483.27,0.0,,
2025-11-02,"Northbridge Software, Inc.",Bill,BILL-5201,Sterling & Voss LLP (Legal),,2000,Accounts Payable,0.0,7483.27,,
2025-11-02,"Northbridge Software, Inc.",Bill,BILL-5206,Salesforce.com,,6400,Dues & Subscriptions,44.28,0.0,,
2025-11-02,"Northbridge Software, Inc.",Bill,BILL-5206,Salesforce.com,,2000,Accounts Payable,0.0,44.28,,
2025-11-04,"Northbridge Software, Inc.",Journal,JE-MANUAL-10-44,Jenna Ruiz,YE adj,6901,Misc Expense 2,8032.77,0.0,,"Manual, no attachment"
2025-11-04,"Northbridge Software, Inc.",Journal,JE-MANUAL-10-44,Jenna Ruiz,YE adj,1200,Accounts Receivable,0.0,8032.77,,"Manual, no attachment"
2025-11-05,"Northbridge Software, Inc.",Bill,BILL-5208,Google,,6410,Computer & Internet Expense,245.41,0.0,,
2025-11-05,"Northbridge Software, Inc.",Bill,BILL-5208,Google,,2000,Accounts Payable,0.0,245.41,,
2025-11-10,"Northbridge Software, Inc.",Bill,BILL-5022,aws,Hosting,2000,Accounts Payable,0.0,35739.33,,
2025-11-12,"Northbridge Software, Inc.",Bill,BILL-5205,Figma,,6400,Dues & Subscriptions,444.47,0.0,,
2025-11-12,"Northbridge Software, Inc.",Bill,BILL-5205,Figma,,2000,Accounts Payable,0.0,444.47,,
2025-11-15,"Northbridge Software, Inc.",Invoice,INV-5021,Various Customers,Monthly subscription revenue (per Stripe summary),4000,Subscription Revenue,0.0,492931.37,,Manual re-entry
2025-11-15,"Northbridge Software, Inc.",Bill,BILL-5207,Office Depot,,2000,Accounts Payable,0.0,362.41,,
2025-11-15,"Northbridge Software, Inc.",Bill,BILL-5207,Office Depot,,6600,Office Supplies,362.41,0.0,,
2025-11-15,"Northbridge Software, Inc.",Payment,PMT-5021,Stripe Collections,Customer payments collected,1200,Accounts Receivable,0.0,471729.61,,
2025-11-15,"Northbridge Software, Inc.",Journal,JE-5021,Stripe,Payment processing fees,5020,Payment Processing Fees (COGS),13680.16,0.0,,
2025-11-15,"Northbridge Software, Inc.",Payment,PMT-5021,Stripe Collections,Customer payments collected,1010,Stripe Clearing,471729.61,0.0,,
2025-11-15,"Northbridge Software, Inc.",Journal,JE-5021,Stripe,Payment processing fees,1010,Stripe Clearing,0.0,13680.16,,
2025-11-15,"Northbridge Software, Inc.",Transfer,SWEEP-5021,Stripe,Stripe payout swept to bank,1000,Chase Business Checking,458049.45,0.0,,
2025-11-15,"Northbridge Software, Inc.",Invoice,INV-5021,Various Customers,Monthly subscription revenue (per Stripe summary),1200,Accounts Receivable,492931.37,0.0,,Manual re-entry
2025-11-15,"Northbridge Software, Inc.",Transfer,SWEEP-5021,Stripe,Stripe payout swept to bank,1010,Stripe Clearing,0.0,458049.45,,
2025-11-17,"Northbridge Software, Inc.",Bill,BILL-5202,Travelers Insurance,,2000,Accounts Payable,0.0,2029.86,,
2025-11-17,"Northbridge Software, Inc.",Bill,BILL-5202,Travelers Insurance,,6900,Misc Expense,2029.86,0.0,,
2025-11-18,"Northbridge Software, Inc.",Journal,JE-MANUAL-10-40,Jenna Ruiz,clean up,2400,Accrued Expenses,6559.53,0.0,,"Manual, no attachment"
2025-11-18,"Northbridge Software, Inc.",Journal,JE-MANUAL-10-40,Jenna Ruiz,clean up,6901,Misc Expense 2,0.0,6559.53,,"Manual, no attachment"
2025-11-19,"Northbridge Software, Inc.",Bill,BILL-5022,aws,Hosting,5000,Hosting & Infrastructure (COGS),35739.33,0.0,,
2025-11-20,"Northbridge Software, Inc.",Bill,BILL-5204,Uber,,6500,Travel & Entertainment,151.11,0.0,,
2025-11-20,"Northbridge Software, Inc.",Bill,BILL-5204,Uber,,2000,Accounts Payable,0.0,151.11,,
2025-11-21,"Northbridge Software, Inc.",Bill,BILL-5199,Sterling & Voss LLP (Legal),,2000,Accounts Payable,0.0,8112.34,,
2025-11-21,"Northbridge Software, Inc.",Bill,BILL-5203,Notion Labs,,2000,Accounts Payable,0.0,1055.5,,
2025-11-21,"Northbridge Software, Inc.",Bill,BILL-5203,Notion Labs,,6400,Dues & Subscriptions,1055.5,0.0,,
2025-11-21,"Northbridge Software, Inc.",Bill,BILL-5199,Sterling & Voss LLP (Legal),,6800,Professional Fees,8112.34,0.0,,
2025-11-24,"Northbridge Software, Inc.",Journal,COMM-5235,Various Reps,Commission accrual,6200,Sales Commissions,11746.29,0.0,,
2025-11-24,"Northbridge Software, Inc.",Journal,COMM-5235,Various Reps,Commission accrual,2400,Accrued Expenses,0.0,11746.29,,
2025-11-25,"Northbridge Software, Inc.",Bill,BILL-5200,Travelers Insurance,,6900,Misc Expense,2187.68,0.0,,
2025-11-25,"Northbridge Software, Inc.",Bill,BILL-5200,Travelers Insurance,,2000,Accounts Payable,0.0,2187.68,,
2025-11-28,"Northbridge Software, Inc.",Journal,DEP-10,,Monthly depreciation,7000,Depreciation Expense,1907.72,0.0,,
2025-11-28,"Northbridge Software, Inc.",Journal,PR-5035,ADP Payroll,Sales & Marketing payroll,6010,Salaries & Wages - Sales & Marketing,103875.0,0.0,,
2025-11-28,"Northbridge Software, Inc.",Journal,PR-5035,ADP Payroll,Payroll taxes & benefits,6100,Payroll Taxes & Benefits,119947.16,0.0,,
2025-11-28,"Northbridge Software, Inc.",Journal,DEP-10,,Monthly depreciation,1510,Accumulated Depreciation,0.0,1907.72,,
2025-11-28,"Northbridge Software, Inc.",Journal,PR-5035,ADP Payroll,Customer Support payroll,5010,Customer Support Payroll (COGS),40550.02,0.0,,
2025-11-28,"Northbridge Software, Inc.",Journal,PR-5035,ADP Payroll,Engineering payroll,6000,Salaries & Wages - Engineering,209558.36,0.0,,
2025-11-28,"Northbridge Software, Inc.",Journal,PR-5035,ADP Payroll,G&A payroll,6020,Salaries & Wages - G&A,72116.68,0.0,,
2025-11-28,"Northbridge Software, Inc.",Journal,PR-5035,ADP Payroll,Payroll clearing to bank,1000,Chase Business Checking,0.0,546047.22,,
2025-11-30,"Northbridge Software, Inc.",Journal,JE-MANUAL-10-42,Priya Natarajan,per Sarah,6901,Misc Expense 2,7279.77,0.0,,"Manual, no attachment"
2025-11-30,"Northbridge Software, Inc.",Journal,JE-MANUAL-10-42,Priya Natarajan,per Sarah,1200,Accounts Receivable,0.0,7279.77,,"Manual, no attachment"
2025-12-03,"Northbridge Software, Inc.",Bill,BILL-5214,Slack,,2000,Accounts Payable,0.0,1085.36,,
2025-12-03,"Northbridge Software, Inc.",Bill,BILL-5214,Slack,,6400,Dues & Subscriptions,1085.36,0.0,,
2025-12-04,"Northbridge Software, Inc.",Bill,BILL-5221,Datadog,,6410,Computer & Internet Expense,1213.32,0.0,,
2025-12-04,"Northbridge Software, Inc.",Bill,BILL-5221,Datadog,,2000,Accounts Payable,0.0,1213.32,,
2025-12-06,"Northbridge Software, Inc.",Bill,BILL-5219,Slack,,2000,Accounts Payable,0.0,573.41,,
2025-12-06,"Northbridge Software, Inc.",Bill,BILL-5210,Baymark CPAs,,2000,Accounts Payable,0.0,7776.72,,
2025-12-06,"Northbridge Software, Inc.",Bill,BILL-5219,Slack,,6400,Dues & Subscriptions,573.41,0.0,,
2025-12-06,"Northbridge Software, Inc.",Bill,BILL-5210,Baymark CPAs,,6800,Professional Fees,7776.72,0.0,,
2025-12-09,"Northbridge Software, Inc.",Bill,BILL-5215,Salesforce,,6410,Computer & Internet Expense,2144.27,0.0,,
2025-12-09,"Northbridge Software, Inc.",Bill,BILL-5215,Salesforce,,2000,Accounts Payable,0.0,2144.27,,
2025-12-10,"Northbridge Software, Inc.",Bill,BILL-5211,Slack Technologies,,6410,Computer & Internet Expense,1228.8,0.0,,
2025-12-10,"Northbridge Software, Inc.",Bill,BILL-5211,Slack Technologies,,2000,Accounts Payable,0.0,1228.8,,
2025-12-16,"Northbridge Software, Inc.",Journal,JE-MANUAL-11-46,Priya Natarajan,n/a,2400,Accrued Expenses,0.0,4898.76,,"Manual, no attachment"
2025-12-16,"Northbridge Software, Inc.",Journal,JE-MANUAL-11-46,Priya Natarajan,n/a,2400,Accrued Expenses,4898.76,0.0,,"Manual, no attachment"
2025-12-16,"Northbridge Software, Inc.",Bill,BILL-5209,Marriott Hotels,,6500,Travel & Entertainment,158.45,0.0,,
2025-12-16,"Northbridge Software, Inc.",Bill,BILL-5209,Marriott Hotels,,2000,Accounts Payable,0.0,158.45,,
2025-12-17,"Northbridge Software, Inc.",Journal,JE-5023,Stripe,Payment processing fees,1010,Stripe Clearing,0.0,13738.72,,
2025-12-17,"Northbridge Software, Inc.",Invoice,INV-5023,Various Customers,Monthly subscription revenue (per Stripe summary),1200,Accounts Receivable,510205.92,0.0,,Manual re-entry
2025-12-17,"Northbridge Software, Inc.",Transfer,SWEEP-5023,Stripe,Stripe payout swept to bank,1010,Stripe Clearing,0.0,460010.37,,
2025-12-17,"Northbridge Software, Inc.",Transfer,SWEEP-5023,Stripe,Stripe payout swept to bank,1000,Chase Business Checking,460010.37,0.0,,
2025-12-17,"Northbridge Software, Inc.",Journal,JE-5023,Stripe,Payment processing fees,5020,Payment Processing Fees (COGS),13738.72,0.0,,
2025-12-17,"Northbridge Software, Inc.",Payment,PMT-5023,Stripe Collections,Customer payments collected,1200,Accounts Receivable,0.0,473749.09,,
2025-12-17,"Northbridge Software, Inc.",Invoice,INV-5023,Various Customers,Monthly subscription revenue (per Stripe summary),4000,Subscription Revenue,0.0,510205.92,,Manual re-entry
2025-12-17,"Northbridge Software, Inc.",Payment,PMT-5023,Stripe Collections,Customer payments collected,1010,Stripe Clearing,473749.09,0.0,,
2025-12-18,"Northbridge Software, Inc.",Bill,BILL-5222,Sterling & Voss LLP (Legal),,2000,Accounts Payable,0.0,10218.14,,
2025-12-18,"Northbridge Software, Inc.",Bill,BILL-5222,Sterling & Voss LLP (Legal),,6800,Professional Fees,10218.14,0.0,,
2025-12-19,"Northbridge Software, Inc.",Bill,BILL-5213,Austin Commercial Properties LLC,,6700,Rent Expense,14118.12,0.0,,
2025-12-19,"Northbridge Software, Inc.",Bill,BILL-5213,Austin Commercial Properties LLC,,2000,Accounts Payable,0.0,14118.12,,
2025-12-20,"Northbridge Software, Inc.",Bill,BILL-5212,Unknown / no receipt,,6901,Misc Expense 2,613.36,0.0,,
2025-12-20,"Northbridge Software, Inc.",Bill,BILL-5212,Unknown / no receipt,,2000,Accounts Payable,0.0,613.36,,
2025-12-23,"Northbridge Software, Inc.",Bill,BILL-5217,Zoom Video Communications,,2000,Accounts Payable,0.0,1229.63,,
2025-12-23,"Northbridge Software, Inc.",Bill,BILL-5217,Zoom Video Communications,,6400,Dues & Subscriptions,1229.63,0.0,,
2025-12-25,"Northbridge Software, Inc.",Bill,BILL-5024,Amazon Web Services,Hosting,5000,Hosting & Infrastructure (COGS),44324.8,0.0,,
2025-12-25,"Northbridge Software, Inc.",Bill,BILL-5223,United Airlines,,2000,Accounts Payable,0.0,411.02,,
2025-12-25,"Northbridge Software, Inc.",Bill,BILL-5223,United Airlines,,6500,Travel & Entertainment,411.02,0.0,,
2025-12-25,"Northbridge Software, Inc.",Journal,IC-12,Northbridge Collective,Intercompany interest,8000,Interest Expense,6117.33,0.0,,
2025-12-25,"Northbridge Software, Inc.",Journal,IC-12,Northbridge Collective,Intercompany interest,2500,Intercompany - Due to Northbridge Collective,0.0,6117.33,,
2025-12-27,"Northbridge Software, Inc.",Bill,BILL-5024,Amazon Web Services,Hosting,2000,Accounts Payable,0.0,44324.8,,
2025-12-27,"Northbridge Software, Inc.",Bill,BILL-5218,Outreach.io,,2000,Accounts Payable,0.0,3069.33,,
2025-12-27,"Northbridge Software, Inc.",Bill,BILL-5218,Outreach.io,,6300,Marketing & Advertising,3069.33,0.0,,
2025-12-28,"Northbridge Software, Inc.",Journal,PR-5036,ADP Payroll,Payroll clearing to bank,1000,Chase Business Checking,0.0,546047.22,,
2025-12-28,"Northbridge Software, Inc.",Journal,DEP-11,,Monthly depreciation,7000,Depreciation Expense,1859.49,0.0,,
2025-12-28,"Northbridge Software, Inc.",Bill,BILL-5224,GitHub,,2000,Accounts Payable,0.0,2363.32,,
2025-12-28,"Northbridge Software, Inc.",Journal,PR-5036,ADP Payroll,Engineering payroll,6000,Salaries & Wages - Engineering,209558.36,0.0,,
2025-12-28,"Northbridge Software, Inc.",Journal,PR-5036,ADP Payroll,Customer Support payroll,5010,Customer Support Payroll (COGS),40550.02,0.0,,
2025-12-28,"Northbridge Software, Inc.",Journal,PR-5036,ADP Payroll,Sales & Marketing payroll,6010,Salaries & Wages - Sales & Marketing,103875.0,0.0,,
2025-12-28,"Northbridge Software, Inc.",Journal,PR-5036,ADP Payroll,Payroll taxes & benefits,6100,Payroll Taxes & Benefits,119947.16,0.0,,
2025-12-28,"Northbridge Software, Inc.",Bill,BILL-5224,GitHub,,6410,Computer & Internet Expense,2363.32,0.0,,
2025-12-28,"Northbridge Software, Inc.",Journal,PR-5036,ADP Payroll,G&A payroll,6020,Salaries & Wages - G&A,72116.68,0.0,,
2025-12-28,"Northbridge Software, Inc.",Journal,DEP-11,,Monthly depreciation,1510,Accumulated Depreciation,0.0,1859.49,,
2025-12-29,"Northbridge Software, Inc.",Bill,BILL-5216,Unknown / no receipt,,2000,Accounts Payable,0.0,428.16,,
2025-12-29,"Northbridge Software, Inc.",Bill,BILL-5220,Figma Inc,,6400,Dues & Subscriptions,549.11,0.0,,
2025-12-29,"Northbridge Software, Inc.",Bill,BILL-5220,Figma Inc,,2000,Accounts Payable,0.0,549.11,,
2025-12-29,"Northbridge Software, Inc.",Bill,BILL-5216,Unknown / no receipt,,6901,Misc Expense 2,428.16,0.0,,
2025-12-30,"Northbridge Software, Inc.",Journal,COMM-5236,Various Reps,Commission accrual,2400,Accrued Expenses,0.0,10121.7,,
2025-12-30,"Northbridge Software, Inc.",Journal,COMM-5236,Various Reps,Commission accrual,6200,Sales Commissions,10121.7,0.0,,
